﻿"STATISTIC","Statistic Label","C02076V02508","Age Group","C02199V02655","Sex","C03325V04012","Type of Occupational Pension","TLIST(Q1)","Quarter","UNIT","VALUE"
"PMQ15","Persons with an occupational pension","365","20 - 24 years","1","Male","-","All types of occupational pensions","2015Q4","2015Q4","%",""
"PMQ15","Persons with an occupational pension","365","20 - 24 years","1","Male","-","All types of occupational pensions","2018Q3","2018Q3","%","100"
"PMQ15","Persons with an occupational pension","365","20 - 24 years","1","Male","-","All types of occupational pensions","2019Q3","2019Q3","%",""
"PMQ15","Persons with an occupational pension","365","20 - 24 years","1","Male","01","Defined benefit","2015Q4","2015Q4","%",""
"PMQ15","Persons with an occupational pension","365","20 - 24 years","1","Male","01","Defined benefit","2018Q3","2018Q3","%","15.6"
"PMQ15","Persons with an occupational pension","365","20 - 24 years","1","Male","01","Defined benefit","2019Q3","2019Q3","%",""
"PMQ15","Persons with an occupational pension","365","20 - 24 years","1","Male","02","Defined contribution","2015Q4","2015Q4","%",""
"PMQ15","Persons with an occupational pension","365","20 - 24 years","1","Male","02","Defined contribution","2018Q3","2018Q3","%","84.4"
"PMQ15","Persons with an occupational pension","365","20 - 24 years","1","Male","02","Defined contribution","2019Q3","2019Q3","%",""
"PMQ15","Persons with an occupational pension","365","20 - 24 years","1","Male","03","Do not know/Not stated","2015Q4","2015Q4","%",""
"PMQ15","Persons with an occupational pension","365","20 - 24 years","1","Male","03","Do not know/Not stated","2018Q3","2018Q3","%","0"
"PMQ15","Persons with an occupational pension","365","20 - 24 years","1","Male","03","Do not know/Not stated","2019Q3","2019Q3","%",""
"PMQ15","Persons with an occupational pension","365","20 - 24 years","2","Female","-","All types of occupational pensions","2015Q4","2015Q4","%",""
"PMQ15","Persons with an occupational pension","365","20 - 24 years","2","Female","-","All types of occupational pensions","2018Q3","2018Q3","%","100"
"PMQ15","Persons with an occupational pension","365","20 - 24 years","2","Female","-","All types of occupational pensions","2019Q3","2019Q3","%",""
"PMQ15","Persons with an occupational pension","365","20 - 24 years","2","Female","01","Defined benefit","2015Q4","2015Q4","%",""
"PMQ15","Persons with an occupational pension","365","20 - 24 years","2","Female","01","Defined benefit","2018Q3","2018Q3","%","31.1"
"PMQ15","Persons with an occupational pension","365","20 - 24 years","2","Female","01","Defined benefit","2019Q3","2019Q3","%",""
"PMQ15","Persons with an occupational pension","365","20 - 24 years","2","Female","02","Defined contribution","2015Q4","2015Q4","%",""
"PMQ15","Persons with an occupational pension","365","20 - 24 years","2","Female","02","Defined contribution","2018Q3","2018Q3","%","68.9"
"PMQ15","Persons with an occupational pension","365","20 - 24 years","2","Female","02","Defined contribution","2019Q3","2019Q3","%",""
"PMQ15","Persons with an occupational pension","365","20 - 24 years","2","Female","03","Do not know/Not stated","2015Q4","2015Q4","%",""
"PMQ15","Persons with an occupational pension","365","20 - 24 years","2","Female","03","Do not know/Not stated","2018Q3","2018Q3","%","0"
"PMQ15","Persons with an occupational pension","365","20 - 24 years","2","Female","03","Do not know/Not stated","2019Q3","2019Q3","%",""
"PMQ15","Persons with an occupational pension","415","25 - 34 years","1","Male","-","All types of occupational pensions","2015Q4","2015Q4","%","100"
"PMQ15","Persons with an occupational pension","415","25 - 34 years","1","Male","-","All types of occupational pensions","2018Q3","2018Q3","%","100"
"PMQ15","Persons with an occupational pension","415","25 - 34 years","1","Male","-","All types of occupational pensions","2019Q3","2019Q3","%",""
"PMQ15","Persons with an occupational pension","415","25 - 34 years","1","Male","01","Defined benefit","2015Q4","2015Q4","%","38.4"
"PMQ15","Persons with an occupational pension","415","25 - 34 years","1","Male","01","Defined benefit","2018Q3","2018Q3","%","32.3"
"PMQ15","Persons with an occupational pension","415","25 - 34 years","1","Male","01","Defined benefit","2019Q3","2019Q3","%","19.1"
"PMQ15","Persons with an occupational pension","415","25 - 34 years","1","Male","02","Defined contribution","2015Q4","2015Q4","%","61.6"
"PMQ15","Persons with an occupational pension","415","25 - 34 years","1","Male","02","Defined contribution","2018Q3","2018Q3","%","67.7"
"PMQ15","Persons with an occupational pension","415","25 - 34 years","1","Male","02","Defined contribution","2019Q3","2019Q3","%","78.4"
"PMQ15","Persons with an occupational pension","415","25 - 34 years","1","Male","03","Do not know/Not stated","2015Q4","2015Q4","%","0"
"PMQ15","Persons with an occupational pension","415","25 - 34 years","1","Male","03","Do not know/Not stated","2018Q3","2018Q3","%","0"
"PMQ15","Persons with an occupational pension","415","25 - 34 years","1","Male","03","Do not know/Not stated","2019Q3","2019Q3","%",""
"PMQ15","Persons with an occupational pension","415","25 - 34 years","2","Female","-","All types of occupational pensions","2015Q4","2015Q4","%","100"
"PMQ15","Persons with an occupational pension","415","25 - 34 years","2","Female","-","All types of occupational pensions","2018Q3","2018Q3","%","100"
"PMQ15","Persons with an occupational pension","415","25 - 34 years","2","Female","-","All types of occupational pensions","2019Q3","2019Q3","%",""
"PMQ15","Persons with an occupational pension","415","25 - 34 years","2","Female","01","Defined benefit","2015Q4","2015Q4","%","41.9"
"PMQ15","Persons with an occupational pension","415","25 - 34 years","2","Female","01","Defined benefit","2018Q3","2018Q3","%","35.7"
"PMQ15","Persons with an occupational pension","415","25 - 34 years","2","Female","01","Defined benefit","2019Q3","2019Q3","%","34.3"
"PMQ15","Persons with an occupational pension","415","25 - 34 years","2","Female","02","Defined contribution","2015Q4","2015Q4","%","58.1"
"PMQ15","Persons with an occupational pension","415","25 - 34 years","2","Female","02","Defined contribution","2018Q3","2018Q3","%","64.3"
"PMQ15","Persons with an occupational pension","415","25 - 34 years","2","Female","02","Defined contribution","2019Q3","2019Q3","%","64.1"
"PMQ15","Persons with an occupational pension","415","25 - 34 years","2","Female","03","Do not know/Not stated","2015Q4","2015Q4","%","0"
"PMQ15","Persons with an occupational pension","415","25 - 34 years","2","Female","03","Do not know/Not stated","2018Q3","2018Q3","%","0"
"PMQ15","Persons with an occupational pension","415","25 - 34 years","2","Female","03","Do not know/Not stated","2019Q3","2019Q3","%",""
"PMQ15","Persons with an occupational pension","465","35 - 44 years","1","Male","-","All types of occupational pensions","2015Q4","2015Q4","%","100"
"PMQ15","Persons with an occupational pension","465","35 - 44 years","1","Male","-","All types of occupational pensions","2018Q3","2018Q3","%","100"
"PMQ15","Persons with an occupational pension","465","35 - 44 years","1","Male","-","All types of occupational pensions","2019Q3","2019Q3","%",""
"PMQ15","Persons with an occupational pension","465","35 - 44 years","1","Male","01","Defined benefit","2015Q4","2015Q4","%","40.2"
"PMQ15","Persons with an occupational pension","465","35 - 44 years","1","Male","01","Defined benefit","2018Q3","2018Q3","%","29.9"
"PMQ15","Persons with an occupational pension","465","35 - 44 years","1","Male","01","Defined benefit","2019Q3","2019Q3","%","25.3"
"PMQ15","Persons with an occupational pension","465","35 - 44 years","1","Male","02","Defined contribution","2015Q4","2015Q4","%","59.4"
"PMQ15","Persons with an occupational pension","465","35 - 44 years","1","Male","02","Defined contribution","2018Q3","2018Q3","%","70.1"
"PMQ15","Persons with an occupational pension","465","35 - 44 years","1","Male","02","Defined contribution","2019Q3","2019Q3","%","73.1"
"PMQ15","Persons with an occupational pension","465","35 - 44 years","1","Male","03","Do not know/Not stated","2015Q4","2015Q4","%","0.4"
"PMQ15","Persons with an occupational pension","465","35 - 44 years","1","Male","03","Do not know/Not stated","2018Q3","2018Q3","%","0"
"PMQ15","Persons with an occupational pension","465","35 - 44 years","1","Male","03","Do not know/Not stated","2019Q3","2019Q3","%",""
"PMQ15","Persons with an occupational pension","465","35 - 44 years","2","Female","-","All types of occupational pensions","2015Q4","2015Q4","%","100"
"PMQ15","Persons with an occupational pension","465","35 - 44 years","2","Female","-","All types of occupational pensions","2018Q3","2018Q3","%","100"
"PMQ15","Persons with an occupational pension","465","35 - 44 years","2","Female","-","All types of occupational pensions","2019Q3","2019Q3","%",""
"PMQ15","Persons with an occupational pension","465","35 - 44 years","2","Female","01","Defined benefit","2015Q4","2015Q4","%","52.9"
"PMQ15","Persons with an occupational pension","465","35 - 44 years","2","Female","01","Defined benefit","2018Q3","2018Q3","%","47.3"
"PMQ15","Persons with an occupational pension","465","35 - 44 years","2","Female","01","Defined benefit","2019Q3","2019Q3","%","41.9"
"PMQ15","Persons with an occupational pension","465","35 - 44 years","2","Female","02","Defined contribution","2015Q4","2015Q4","%","46.8"
"PMQ15","Persons with an occupational pension","465","35 - 44 years","2","Female","02","Defined contribution","2018Q3","2018Q3","%","52.7"
"PMQ15","Persons with an occupational pension","465","35 - 44 years","2","Female","02","Defined contribution","2019Q3","2019Q3","%","55.4"
"PMQ15","Persons with an occupational pension","465","35 - 44 years","2","Female","03","Do not know/Not stated","2015Q4","2015Q4","%","0.3"
"PMQ15","Persons with an occupational pension","465","35 - 44 years","2","Female","03","Do not know/Not stated","2018Q3","2018Q3","%","0"
"PMQ15","Persons with an occupational pension","465","35 - 44 years","2","Female","03","Do not know/Not stated","2019Q3","2019Q3","%",""
"PMQ15","Persons with an occupational pension","500","45 - 54 years","1","Male","-","All types of occupational pensions","2015Q4","2015Q4","%","100"
"PMQ15","Persons with an occupational pension","500","45 - 54 years","1","Male","-","All types of occupational pensions","2018Q3","2018Q3","%","100"
"PMQ15","Persons with an occupational pension","500","45 - 54 years","1","Male","-","All types of occupational pensions","2019Q3","2019Q3","%",""
"PMQ15","Persons with an occupational pension","500","45 - 54 years","1","Male","01","Defined benefit","2015Q4","2015Q4","%","41.4"
"PMQ15","Persons with an occupational pension","500","45 - 54 years","1","Male","01","Defined benefit","2018Q3","2018Q3","%","40.9"
"PMQ15","Persons with an occupational pension","500","45 - 54 years","1","Male","01","Defined benefit","2019Q3","2019Q3","%","32.2"
"PMQ15","Persons with an occupational pension","500","45 - 54 years","1","Male","02","Defined contribution","2015Q4","2015Q4","%","58.6"
"PMQ15","Persons with an occupational pension","500","45 - 54 years","1","Male","02","Defined contribution","2018Q3","2018Q3","%","59.1"
"PMQ15","Persons with an occupational pension","500","45 - 54 years","1","Male","02","Defined contribution","2019Q3","2019Q3","%","65.9"
"PMQ15","Persons with an occupational pension","500","45 - 54 years","1","Male","03","Do not know/Not stated","2015Q4","2015Q4","%","0"
"PMQ15","Persons with an occupational pension","500","45 - 54 years","1","Male","03","Do not know/Not stated","2018Q3","2018Q3","%","0"
"PMQ15","Persons with an occupational pension","500","45 - 54 years","1","Male","03","Do not know/Not stated","2019Q3","2019Q3","%",""
"PMQ15","Persons with an occupational pension","500","45 - 54 years","2","Female","-","All types of occupational pensions","2015Q4","2015Q4","%","100"
"PMQ15","Persons with an occupational pension","500","45 - 54 years","2","Female","-","All types of occupational pensions","2018Q3","2018Q3","%","100"
"PMQ15","Persons with an occupational pension","500","45 - 54 years","2","Female","-","All types of occupational pensions","2019Q3","2019Q3","%",""
"PMQ15","Persons with an occupational pension","500","45 - 54 years","2","Female","01","Defined benefit","2015Q4","2015Q4","%","56"
"PMQ15","Persons with an occupational pension","500","45 - 54 years","2","Female","01","Defined benefit","2018Q3","2018Q3","%","56.2"
"PMQ15","Persons with an occupational pension","500","45 - 54 years","2","Female","01","Defined benefit","2019Q3","2019Q3","%","44.1"
"PMQ15","Persons with an occupational pension","500","45 - 54 years","2","Female","02","Defined contribution","2015Q4","2015Q4","%","43.8"
"PMQ15","Persons with an occupational pension","500","45 - 54 years","2","Female","02","Defined contribution","2018Q3","2018Q3","%","43.8"
"PMQ15","Persons with an occupational pension","500","45 - 54 years","2","Female","02","Defined contribution","2019Q3","2019Q3","%","54.7"
"PMQ15","Persons with an occupational pension","500","45 - 54 years","2","Female","03","Do not know/Not stated","2015Q4","2015Q4","%","0.2"
"PMQ15","Persons with an occupational pension","500","45 - 54 years","2","Female","03","Do not know/Not stated","2018Q3","2018Q3","%","0"
"PMQ15","Persons with an occupational pension","500","45 - 54 years","2","Female","03","Do not know/Not stated","2019Q3","2019Q3","%",""
"PMQ15","Persons with an occupational pension","540","55 - 69 years","1","Male","-","All types of occupational pensions","2015Q4","2015Q4","%","100"
"PMQ15","Persons with an occupational pension","540","55 - 69 years","1","Male","-","All types of occupational pensions","2018Q3","2018Q3","%","100"
"PMQ15","Persons with an occupational pension","540","55 - 69 years","1","Male","-","All types of occupational pensions","2019Q3","2019Q3","%",""
"PMQ15","Persons with an occupational pension","540","55 - 69 years","1","Male","01","Defined benefit","2015Q4","2015Q4","%","48.9"
"PMQ15","Persons with an occupational pension","540","55 - 69 years","1","Male","01","Defined benefit","2018Q3","2018Q3","%","54.9"
"PMQ15","Persons with an occupational pension","540","55 - 69 years","1","Male","01","Defined benefit","2019Q3","2019Q3","%","51.8"
"PMQ15","Persons with an occupational pension","540","55 - 69 years","1","Male","02","Defined contribution","2015Q4","2015Q4","%","49.7"
"PMQ15","Persons with an occupational pension","540","55 - 69 years","1","Male","02","Defined contribution","2018Q3","2018Q3","%","45.1"
"PMQ15","Persons with an occupational pension","540","55 - 69 years","1","Male","02","Defined contribution","2019Q3","2019Q3","%","45.8"
"PMQ15","Persons with an occupational pension","540","55 - 69 years","1","Male","03","Do not know/Not stated","2015Q4","2015Q4","%","1.4"
"PMQ15","Persons with an occupational pension","540","55 - 69 years","1","Male","03","Do not know/Not stated","2018Q3","2018Q3","%","0"
"PMQ15","Persons with an occupational pension","540","55 - 69 years","1","Male","03","Do not know/Not stated","2019Q3","2019Q3","%",""
"PMQ15","Persons with an occupational pension","540","55 - 69 years","2","Female","-","All types of occupational pensions","2015Q4","2015Q4","%","100"
"PMQ15","Persons with an occupational pension","540","55 - 69 years","2","Female","-","All types of occupational pensions","2018Q3","2018Q3","%","100"
"PMQ15","Persons with an occupational pension","540","55 - 69 years","2","Female","-","All types of occupational pensions","2019Q3","2019Q3","%",""
"PMQ15","Persons with an occupational pension","540","55 - 69 years","2","Female","01","Defined benefit","2015Q4","2015Q4","%","54.3"
"PMQ15","Persons with an occupational pension","540","55 - 69 years","2","Female","01","Defined benefit","2018Q3","2018Q3","%","58"
"PMQ15","Persons with an occupational pension","540","55 - 69 years","2","Female","01","Defined benefit","2019Q3","2019Q3","%","53.3"
"PMQ15","Persons with an occupational pension","540","55 - 69 years","2","Female","02","Defined contribution","2015Q4","2015Q4","%","45.7"
"PMQ15","Persons with an occupational pension","540","55 - 69 years","2","Female","02","Defined contribution","2018Q3","2018Q3","%","42"
"PMQ15","Persons with an occupational pension","540","55 - 69 years","2","Female","02","Defined contribution","2019Q3","2019Q3","%","44.4"
"PMQ15","Persons with an occupational pension","540","55 - 69 years","2","Female","03","Do not know/Not stated","2015Q4","2015Q4","%","0"
"PMQ15","Persons with an occupational pension","540","55 - 69 years","2","Female","03","Do not know/Not stated","2018Q3","2018Q3","%","100"
"PMQ15","Persons with an occupational pension","540","55 - 69 years","2","Female","03","Do not know/Not stated","2019Q3","2019Q3","%",""
