﻿STATISTIC,Statistic Label,TLIST(Q1),Quarter,C03714V04461,Pension Type,C02199V02655,Sex,C02076V02508,Age Group,UNIT,VALUE
PMQ32C01,Employees with occupational pension from their current employment,2020Q3,2020Q3,100,Defined benefit,1,Male,-,All ages,%,30.4
PMQ32C01,Employees with occupational pension from their current employment,2020Q3,2020Q3,100,Defined benefit,1,Male,365,20 - 24 years,%,
PMQ32C01,Employees with occupational pension from their current employment,2020Q3,2020Q3,100,Defined benefit,1,Male,415,25 - 34 years,%,26.8
PMQ32C01,Employees with occupational pension from their current employment,2020Q3,2020Q3,100,Defined benefit,1,Male,465,35 - 44 years,%,27
PMQ32C01,Employees with occupational pension from their current employment,2020Q3,2020Q3,100,Defined benefit,1,Male,500,45 - 54 years,%,29.6
PMQ32C01,Employees with occupational pension from their current employment,2020Q3,2020Q3,100,Defined benefit,1,Male,540,55 - 69 years,%,44.3
PMQ32C01,Employees with occupational pension from their current employment,2020Q3,2020Q3,100,Defined benefit,2,Female,-,All ages,%,37.5
PMQ32C01,Employees with occupational pension from their current employment,2020Q3,2020Q3,100,Defined benefit,2,Female,365,20 - 24 years,%,
PMQ32C01,Employees with occupational pension from their current employment,2020Q3,2020Q3,100,Defined benefit,2,Female,415,25 - 34 years,%,31.5
PMQ32C01,Employees with occupational pension from their current employment,2020Q3,2020Q3,100,Defined benefit,2,Female,465,35 - 44 years,%,36.3
PMQ32C01,Employees with occupational pension from their current employment,2020Q3,2020Q3,100,Defined benefit,2,Female,500,45 - 54 years,%,42.4
PMQ32C01,Employees with occupational pension from their current employment,2020Q3,2020Q3,100,Defined benefit,2,Female,540,55 - 69 years,%,48.2
PMQ32C01,Employees with occupational pension from their current employment,2020Q3,2020Q3,110,Defined contribution,1,Male,-,All ages,%,66.6
PMQ32C01,Employees with occupational pension from their current employment,2020Q3,2020Q3,110,Defined contribution,1,Male,365,20 - 24 years,%,
PMQ32C01,Employees with occupational pension from their current employment,2020Q3,2020Q3,110,Defined contribution,1,Male,415,25 - 34 years,%,72.3
PMQ32C01,Employees with occupational pension from their current employment,2020Q3,2020Q3,110,Defined contribution,1,Male,465,35 - 44 years,%,70.5
PMQ32C01,Employees with occupational pension from their current employment,2020Q3,2020Q3,110,Defined contribution,1,Male,500,45 - 54 years,%,66.8
PMQ32C01,Employees with occupational pension from their current employment,2020Q3,2020Q3,110,Defined contribution,1,Male,540,55 - 69 years,%,49.7
PMQ32C01,Employees with occupational pension from their current employment,2020Q3,2020Q3,110,Defined contribution,2,Female,-,All ages,%,60.9
PMQ32C01,Employees with occupational pension from their current employment,2020Q3,2020Q3,110,Defined contribution,2,Female,365,20 - 24 years,%,
PMQ32C01,Employees with occupational pension from their current employment,2020Q3,2020Q3,110,Defined contribution,2,Female,415,25 - 34 years,%,68.5
PMQ32C01,Employees with occupational pension from their current employment,2020Q3,2020Q3,110,Defined contribution,2,Female,465,35 - 44 years,%,62.2
PMQ32C01,Employees with occupational pension from their current employment,2020Q3,2020Q3,110,Defined contribution,2,Female,500,45 - 54 years,%,55.7
PMQ32C01,Employees with occupational pension from their current employment,2020Q3,2020Q3,110,Defined contribution,2,Female,540,55 - 69 years,%,48.7
PMQ32C01,Employees with occupational pension from their current employment,2020Q3,2020Q3,120,Hybrid Pension,1,Male,-,All ages,%,3
PMQ32C01,Employees with occupational pension from their current employment,2020Q3,2020Q3,120,Hybrid Pension,1,Male,365,20 - 24 years,%,
PMQ32C01,Employees with occupational pension from their current employment,2020Q3,2020Q3,120,Hybrid Pension,1,Male,415,25 - 34 years,%,1
PMQ32C01,Employees with occupational pension from their current employment,2020Q3,2020Q3,120,Hybrid Pension,1,Male,465,35 - 44 years,%,2.5
PMQ32C01,Employees with occupational pension from their current employment,2020Q3,2020Q3,120,Hybrid Pension,1,Male,500,45 - 54 years,%,3.5
PMQ32C01,Employees with occupational pension from their current employment,2020Q3,2020Q3,120,Hybrid Pension,1,Male,540,55 - 69 years,%,6.1
PMQ32C01,Employees with occupational pension from their current employment,2020Q3,2020Q3,120,Hybrid Pension,2,Female,-,All ages,%,1.5
PMQ32C01,Employees with occupational pension from their current employment,2020Q3,2020Q3,120,Hybrid Pension,2,Female,365,20 - 24 years,%,
PMQ32C01,Employees with occupational pension from their current employment,2020Q3,2020Q3,120,Hybrid Pension,2,Female,415,25 - 34 years,%,0
PMQ32C01,Employees with occupational pension from their current employment,2020Q3,2020Q3,120,Hybrid Pension,2,Female,465,35 - 44 years,%,1.5
PMQ32C01,Employees with occupational pension from their current employment,2020Q3,2020Q3,120,Hybrid Pension,2,Female,500,45 - 54 years,%,1.9
PMQ32C01,Employees with occupational pension from their current employment,2020Q3,2020Q3,120,Hybrid Pension,2,Female,540,55 - 69 years,%,3.1
PMQ32C01,Employees with occupational pension from their current employment,2021Q3,2021Q3,100,Defined benefit,1,Male,-,All ages,%,23.3
PMQ32C01,Employees with occupational pension from their current employment,2021Q3,2021Q3,100,Defined benefit,1,Male,365,20 - 24 years,%,
PMQ32C01,Employees with occupational pension from their current employment,2021Q3,2021Q3,100,Defined benefit,1,Male,415,25 - 34 years,%,23.6
PMQ32C01,Employees with occupational pension from their current employment,2021Q3,2021Q3,100,Defined benefit,1,Male,465,35 - 44 years,%,25
PMQ32C01,Employees with occupational pension from their current employment,2021Q3,2021Q3,100,Defined benefit,1,Male,500,45 - 54 years,%,27
PMQ32C01,Employees with occupational pension from their current employment,2021Q3,2021Q3,100,Defined benefit,1,Male,540,55 - 69 years,%,37
PMQ32C01,Employees with occupational pension from their current employment,2021Q3,2021Q3,100,Defined benefit,2,Female,-,All ages,%,33.1
PMQ32C01,Employees with occupational pension from their current employment,2021Q3,2021Q3,100,Defined benefit,2,Female,365,20 - 24 years,%,
PMQ32C01,Employees with occupational pension from their current employment,2021Q3,2021Q3,100,Defined benefit,2,Female,415,25 - 34 years,%,27.1
PMQ32C01,Employees with occupational pension from their current employment,2021Q3,2021Q3,100,Defined benefit,2,Female,465,35 - 44 years,%,32.7
PMQ32C01,Employees with occupational pension from their current employment,2021Q3,2021Q3,100,Defined benefit,2,Female,500,45 - 54 years,%,36.1
PMQ32C01,Employees with occupational pension from their current employment,2021Q3,2021Q3,100,Defined benefit,2,Female,540,55 - 69 years,%,44.7
PMQ32C01,Employees with occupational pension from their current employment,2021Q3,2021Q3,110,Defined contribution,1,Male,-,All ages,%,72
PMQ32C01,Employees with occupational pension from their current employment,2021Q3,2021Q3,110,Defined contribution,1,Male,365,20 - 24 years,%,
PMQ32C01,Employees with occupational pension from their current employment,2021Q3,2021Q3,110,Defined contribution,1,Male,415,25 - 34 years,%,71.8
PMQ32C01,Employees with occupational pension from their current employment,2021Q3,2021Q3,110,Defined contribution,1,Male,465,35 - 44 years,%,71.1
PMQ32C01,Employees with occupational pension from their current employment,2021Q3,2021Q3,110,Defined contribution,1,Male,500,45 - 54 years,%,67.8
PMQ32C01,Employees with occupational pension from their current employment,2021Q3,2021Q3,110,Defined contribution,1,Male,540,55 - 69 years,%,59.1
PMQ32C01,Employees with occupational pension from their current employment,2021Q3,2021Q3,110,Defined contribution,2,Female,-,All ages,%,64.8
PMQ32C01,Employees with occupational pension from their current employment,2021Q3,2021Q3,110,Defined contribution,2,Female,365,20 - 24 years,%,
PMQ32C01,Employees with occupational pension from their current employment,2021Q3,2021Q3,110,Defined contribution,2,Female,415,25 - 34 years,%,69.7
PMQ32C01,Employees with occupational pension from their current employment,2021Q3,2021Q3,110,Defined contribution,2,Female,465,35 - 44 years,%,65.1
PMQ32C01,Employees with occupational pension from their current employment,2021Q3,2021Q3,110,Defined contribution,2,Female,500,45 - 54 years,%,62.2
PMQ32C01,Employees with occupational pension from their current employment,2021Q3,2021Q3,110,Defined contribution,2,Female,540,55 - 69 years,%,53.9
PMQ32C01,Employees with occupational pension from their current employment,2021Q3,2021Q3,120,Hybrid Pension,1,Male,-,All ages,%,4.7
PMQ32C01,Employees with occupational pension from their current employment,2021Q3,2021Q3,120,Hybrid Pension,1,Male,365,20 - 24 years,%,
PMQ32C01,Employees with occupational pension from their current employment,2021Q3,2021Q3,120,Hybrid Pension,1,Male,415,25 - 34 years,%,4.6
PMQ32C01,Employees with occupational pension from their current employment,2021Q3,2021Q3,120,Hybrid Pension,1,Male,465,35 - 44 years,%,3.9
PMQ32C01,Employees with occupational pension from their current employment,2021Q3,2021Q3,120,Hybrid Pension,1,Male,500,45 - 54 years,%,5.1
PMQ32C01,Employees with occupational pension from their current employment,2021Q3,2021Q3,120,Hybrid Pension,1,Male,540,55 - 69 years,%,3.9
PMQ32C01,Employees with occupational pension from their current employment,2021Q3,2021Q3,120,Hybrid Pension,2,Female,-,All ages,%,2.1
PMQ32C01,Employees with occupational pension from their current employment,2021Q3,2021Q3,120,Hybrid Pension,2,Female,365,20 - 24 years,%,
PMQ32C01,Employees with occupational pension from their current employment,2021Q3,2021Q3,120,Hybrid Pension,2,Female,415,25 - 34 years,%,3.1
PMQ32C01,Employees with occupational pension from their current employment,2021Q3,2021Q3,120,Hybrid Pension,2,Female,465,35 - 44 years,%,2.2
PMQ32C01,Employees with occupational pension from their current employment,2021Q3,2021Q3,120,Hybrid Pension,2,Female,500,45 - 54 years,%,1.7
PMQ32C01,Employees with occupational pension from their current employment,2021Q3,2021Q3,120,Hybrid Pension,2,Female,540,55 - 69 years,%,1.5
PMQ32C01,Employees with occupational pension from their current employment,2022Q3,2022Q3,100,Defined benefit,1,Male,-,All ages,%,29
PMQ32C01,Employees with occupational pension from their current employment,2022Q3,2022Q3,100,Defined benefit,1,Male,365,20 - 24 years,%,
PMQ32C01,Employees with occupational pension from their current employment,2022Q3,2022Q3,100,Defined benefit,1,Male,415,25 - 34 years,%,24
PMQ32C01,Employees with occupational pension from their current employment,2022Q3,2022Q3,100,Defined benefit,1,Male,465,35 - 44 years,%,27
PMQ32C01,Employees with occupational pension from their current employment,2022Q3,2022Q3,100,Defined benefit,1,Male,500,45 - 54 years,%,30
PMQ32C01,Employees with occupational pension from their current employment,2022Q3,2022Q3,100,Defined benefit,1,Male,540,55 - 69 years,%,37
PMQ32C01,Employees with occupational pension from their current employment,2022Q3,2022Q3,100,Defined benefit,2,Female,-,All ages,%,36
PMQ32C01,Employees with occupational pension from their current employment,2022Q3,2022Q3,100,Defined benefit,2,Female,365,20 - 24 years,%,
PMQ32C01,Employees with occupational pension from their current employment,2022Q3,2022Q3,100,Defined benefit,2,Female,415,25 - 34 years,%,24
PMQ32C01,Employees with occupational pension from their current employment,2022Q3,2022Q3,100,Defined benefit,2,Female,465,35 - 44 years,%,33
PMQ32C01,Employees with occupational pension from their current employment,2022Q3,2022Q3,100,Defined benefit,2,Female,500,45 - 54 years,%,41
PMQ32C01,Employees with occupational pension from their current employment,2022Q3,2022Q3,100,Defined benefit,2,Female,540,55 - 69 years,%,47
PMQ32C01,Employees with occupational pension from their current employment,2022Q3,2022Q3,110,Defined contribution,1,Male,-,All ages,%,65
PMQ32C01,Employees with occupational pension from their current employment,2022Q3,2022Q3,110,Defined contribution,1,Male,365,20 - 24 years,%,
PMQ32C01,Employees with occupational pension from their current employment,2022Q3,2022Q3,110,Defined contribution,1,Male,415,25 - 34 years,%,73
PMQ32C01,Employees with occupational pension from their current employment,2022Q3,2022Q3,110,Defined contribution,1,Male,465,35 - 44 years,%,68
PMQ32C01,Employees with occupational pension from their current employment,2022Q3,2022Q3,110,Defined contribution,1,Male,500,45 - 54 years,%,61
PMQ32C01,Employees with occupational pension from their current employment,2022Q3,2022Q3,110,Defined contribution,1,Male,540,55 - 69 years,%,55
PMQ32C01,Employees with occupational pension from their current employment,2022Q3,2022Q3,110,Defined contribution,2,Female,-,All ages,%,59
PMQ32C01,Employees with occupational pension from their current employment,2022Q3,2022Q3,110,Defined contribution,2,Female,365,20 - 24 years,%,
PMQ32C01,Employees with occupational pension from their current employment,2022Q3,2022Q3,110,Defined contribution,2,Female,415,25 - 34 years,%,70
PMQ32C01,Employees with occupational pension from their current employment,2022Q3,2022Q3,110,Defined contribution,2,Female,465,35 - 44 years,%,60
PMQ32C01,Employees with occupational pension from their current employment,2022Q3,2022Q3,110,Defined contribution,2,Female,500,45 - 54 years,%,54
PMQ32C01,Employees with occupational pension from their current employment,2022Q3,2022Q3,110,Defined contribution,2,Female,540,55 - 69 years,%,49
PMQ32C01,Employees with occupational pension from their current employment,2022Q3,2022Q3,120,Hybrid Pension,1,Male,-,All ages,%,7
PMQ32C01,Employees with occupational pension from their current employment,2022Q3,2022Q3,120,Hybrid Pension,1,Male,365,20 - 24 years,%,
PMQ32C01,Employees with occupational pension from their current employment,2022Q3,2022Q3,120,Hybrid Pension,1,Male,415,25 - 34 years,%,3
PMQ32C01,Employees with occupational pension from their current employment,2022Q3,2022Q3,120,Hybrid Pension,1,Male,465,35 - 44 years,%,6
PMQ32C01,Employees with occupational pension from their current employment,2022Q3,2022Q3,120,Hybrid Pension,1,Male,500,45 - 54 years,%,9
PMQ32C01,Employees with occupational pension from their current employment,2022Q3,2022Q3,120,Hybrid Pension,1,Male,540,55 - 69 years,%,8
PMQ32C01,Employees with occupational pension from their current employment,2022Q3,2022Q3,120,Hybrid Pension,2,Female,-,All ages,%,6
PMQ32C01,Employees with occupational pension from their current employment,2022Q3,2022Q3,120,Hybrid Pension,2,Female,365,20 - 24 years,%,
PMQ32C01,Employees with occupational pension from their current employment,2022Q3,2022Q3,120,Hybrid Pension,2,Female,415,25 - 34 years,%,6
PMQ32C01,Employees with occupational pension from their current employment,2022Q3,2022Q3,120,Hybrid Pension,2,Female,465,35 - 44 years,%,7
PMQ32C01,Employees with occupational pension from their current employment,2022Q3,2022Q3,120,Hybrid Pension,2,Female,500,45 - 54 years,%,5
PMQ32C01,Employees with occupational pension from their current employment,2022Q3,2022Q3,120,Hybrid Pension,2,Female,540,55 - 69 years,%,4
PMQ32C02,"Employees with occupational pension, only from a previous employment",2020Q3,2020Q3,100,Defined benefit,1,Male,-,All ages,%,18.9
PMQ32C02,"Employees with occupational pension, only from a previous employment",2020Q3,2020Q3,100,Defined benefit,1,Male,365,20 - 24 years,%,
PMQ32C02,"Employees with occupational pension, only from a previous employment",2020Q3,2020Q3,100,Defined benefit,1,Male,415,25 - 34 years,%,11.8
PMQ32C02,"Employees with occupational pension, only from a previous employment",2020Q3,2020Q3,100,Defined benefit,1,Male,465,35 - 44 years,%,7.5
PMQ32C02,"Employees with occupational pension, only from a previous employment",2020Q3,2020Q3,100,Defined benefit,1,Male,500,45 - 54 years,%,18.4
PMQ32C02,"Employees with occupational pension, only from a previous employment",2020Q3,2020Q3,100,Defined benefit,1,Male,540,55 - 69 years,%,33.8
PMQ32C02,"Employees with occupational pension, only from a previous employment",2020Q3,2020Q3,100,Defined benefit,2,Female,-,All ages,%,23.8
PMQ32C02,"Employees with occupational pension, only from a previous employment",2020Q3,2020Q3,100,Defined benefit,2,Female,365,20 - 24 years,%,
PMQ32C02,"Employees with occupational pension, only from a previous employment",2020Q3,2020Q3,100,Defined benefit,2,Female,415,25 - 34 years,%,0
PMQ32C02,"Employees with occupational pension, only from a previous employment",2020Q3,2020Q3,100,Defined benefit,2,Female,465,35 - 44 years,%,23.1
PMQ32C02,"Employees with occupational pension, only from a previous employment",2020Q3,2020Q3,100,Defined benefit,2,Female,500,45 - 54 years,%,26.7
PMQ32C02,"Employees with occupational pension, only from a previous employment",2020Q3,2020Q3,100,Defined benefit,2,Female,540,55 - 69 years,%,38.6
PMQ32C02,"Employees with occupational pension, only from a previous employment",2020Q3,2020Q3,110,Defined contribution,1,Male,-,All ages,%,79.2
PMQ32C02,"Employees with occupational pension, only from a previous employment",2020Q3,2020Q3,110,Defined contribution,1,Male,365,20 - 24 years,%,
PMQ32C02,"Employees with occupational pension, only from a previous employment",2020Q3,2020Q3,110,Defined contribution,1,Male,415,25 - 34 years,%,88.2
PMQ32C02,"Employees with occupational pension, only from a previous employment",2020Q3,2020Q3,110,Defined contribution,1,Male,465,35 - 44 years,%,92.5
PMQ32C02,"Employees with occupational pension, only from a previous employment",2020Q3,2020Q3,110,Defined contribution,1,Male,500,45 - 54 years,%,77.4
PMQ32C02,"Employees with occupational pension, only from a previous employment",2020Q3,2020Q3,110,Defined contribution,1,Male,540,55 - 69 years,%,63.5
PMQ32C02,"Employees with occupational pension, only from a previous employment",2020Q3,2020Q3,110,Defined contribution,2,Female,-,All ages,%,75.7
PMQ32C02,"Employees with occupational pension, only from a previous employment",2020Q3,2020Q3,110,Defined contribution,2,Female,365,20 - 24 years,%,
PMQ32C02,"Employees with occupational pension, only from a previous employment",2020Q3,2020Q3,110,Defined contribution,2,Female,415,25 - 34 years,%,100
PMQ32C02,"Employees with occupational pension, only from a previous employment",2020Q3,2020Q3,110,Defined contribution,2,Female,465,35 - 44 years,%,76.9
PMQ32C02,"Employees with occupational pension, only from a previous employment",2020Q3,2020Q3,110,Defined contribution,2,Female,500,45 - 54 years,%,71.8
PMQ32C02,"Employees with occupational pension, only from a previous employment",2020Q3,2020Q3,110,Defined contribution,2,Female,540,55 - 69 years,%,61.4
PMQ32C02,"Employees with occupational pension, only from a previous employment",2020Q3,2020Q3,120,Hybrid Pension,1,Male,-,All ages,%,1.9
PMQ32C02,"Employees with occupational pension, only from a previous employment",2020Q3,2020Q3,120,Hybrid Pension,1,Male,365,20 - 24 years,%,
PMQ32C02,"Employees with occupational pension, only from a previous employment",2020Q3,2020Q3,120,Hybrid Pension,1,Male,415,25 - 34 years,%,0
PMQ32C02,"Employees with occupational pension, only from a previous employment",2020Q3,2020Q3,120,Hybrid Pension,1,Male,465,35 - 44 years,%,0
PMQ32C02,"Employees with occupational pension, only from a previous employment",2020Q3,2020Q3,120,Hybrid Pension,1,Male,500,45 - 54 years,%,4.2
PMQ32C02,"Employees with occupational pension, only from a previous employment",2020Q3,2020Q3,120,Hybrid Pension,1,Male,540,55 - 69 years,%,2.7
PMQ32C02,"Employees with occupational pension, only from a previous employment",2020Q3,2020Q3,120,Hybrid Pension,2,Female,-,All ages,%,0.5
PMQ32C02,"Employees with occupational pension, only from a previous employment",2020Q3,2020Q3,120,Hybrid Pension,2,Female,365,20 - 24 years,%,
PMQ32C02,"Employees with occupational pension, only from a previous employment",2020Q3,2020Q3,120,Hybrid Pension,2,Female,415,25 - 34 years,%,0
PMQ32C02,"Employees with occupational pension, only from a previous employment",2020Q3,2020Q3,120,Hybrid Pension,2,Female,465,35 - 44 years,%,0
PMQ32C02,"Employees with occupational pension, only from a previous employment",2020Q3,2020Q3,120,Hybrid Pension,2,Female,500,45 - 54 years,%,1.5
PMQ32C02,"Employees with occupational pension, only from a previous employment",2020Q3,2020Q3,120,Hybrid Pension,2,Female,540,55 - 69 years,%,0
PMQ32C02,"Employees with occupational pension, only from a previous employment",2021Q3,2021Q3,100,Defined benefit,1,Male,-,All ages,%,12.4
PMQ32C02,"Employees with occupational pension, only from a previous employment",2021Q3,2021Q3,100,Defined benefit,1,Male,365,20 - 24 years,%,
PMQ32C02,"Employees with occupational pension, only from a previous employment",2021Q3,2021Q3,100,Defined benefit,1,Male,415,25 - 34 years,%,
PMQ32C02,"Employees with occupational pension, only from a previous employment",2021Q3,2021Q3,100,Defined benefit,1,Male,465,35 - 44 years,%,
PMQ32C02,"Employees with occupational pension, only from a previous employment",2021Q3,2021Q3,100,Defined benefit,1,Male,500,45 - 54 years,%,16
PMQ32C02,"Employees with occupational pension, only from a previous employment",2021Q3,2021Q3,100,Defined benefit,1,Male,540,55 - 69 years,%,31.6
PMQ32C02,"Employees with occupational pension, only from a previous employment",2021Q3,2021Q3,100,Defined benefit,2,Female,-,All ages,%,25.2
PMQ32C02,"Employees with occupational pension, only from a previous employment",2021Q3,2021Q3,100,Defined benefit,2,Female,365,20 - 24 years,%,
PMQ32C02,"Employees with occupational pension, only from a previous employment",2021Q3,2021Q3,100,Defined benefit,2,Female,415,25 - 34 years,%,
PMQ32C02,"Employees with occupational pension, only from a previous employment",2021Q3,2021Q3,100,Defined benefit,2,Female,465,35 - 44 years,%,25.5
PMQ32C02,"Employees with occupational pension, only from a previous employment",2021Q3,2021Q3,100,Defined benefit,2,Female,500,45 - 54 years,%,27.6
PMQ32C02,"Employees with occupational pension, only from a previous employment",2021Q3,2021Q3,100,Defined benefit,2,Female,540,55 - 69 years,%,28.9
PMQ32C02,"Employees with occupational pension, only from a previous employment",2021Q3,2021Q3,110,Defined contribution,1,Male,-,All ages,%,84.2
PMQ32C02,"Employees with occupational pension, only from a previous employment",2021Q3,2021Q3,110,Defined contribution,1,Male,365,20 - 24 years,%,
PMQ32C02,"Employees with occupational pension, only from a previous employment",2021Q3,2021Q3,110,Defined contribution,1,Male,415,25 - 34 years,%,
PMQ32C02,"Employees with occupational pension, only from a previous employment",2021Q3,2021Q3,110,Defined contribution,1,Male,465,35 - 44 years,%,
PMQ32C02,"Employees with occupational pension, only from a previous employment",2021Q3,2021Q3,110,Defined contribution,1,Male,500,45 - 54 years,%,80.4
PMQ32C02,"Employees with occupational pension, only from a previous employment",2021Q3,2021Q3,110,Defined contribution,1,Male,540,55 - 69 years,%,61.6
PMQ32C02,"Employees with occupational pension, only from a previous employment",2021Q3,2021Q3,110,Defined contribution,2,Female,-,All ages,%,70.6
PMQ32C02,"Employees with occupational pension, only from a previous employment",2021Q3,2021Q3,110,Defined contribution,2,Female,365,20 - 24 years,%,
PMQ32C02,"Employees with occupational pension, only from a previous employment",2021Q3,2021Q3,110,Defined contribution,2,Female,415,25 - 34 years,%,
PMQ32C02,"Employees with occupational pension, only from a previous employment",2021Q3,2021Q3,110,Defined contribution,2,Female,465,35 - 44 years,%,72.8
PMQ32C02,"Employees with occupational pension, only from a previous employment",2021Q3,2021Q3,110,Defined contribution,2,Female,500,45 - 54 years,%,65.3
PMQ32C02,"Employees with occupational pension, only from a previous employment",2021Q3,2021Q3,110,Defined contribution,2,Female,540,55 - 69 years,%,65.9
PMQ32C02,"Employees with occupational pension, only from a previous employment",2021Q3,2021Q3,120,Hybrid Pension,1,Male,-,All ages,%,3.4
PMQ32C02,"Employees with occupational pension, only from a previous employment",2021Q3,2021Q3,120,Hybrid Pension,1,Male,365,20 - 24 years,%,
PMQ32C02,"Employees with occupational pension, only from a previous employment",2021Q3,2021Q3,120,Hybrid Pension,1,Male,415,25 - 34 years,%,
PMQ32C02,"Employees with occupational pension, only from a previous employment",2021Q3,2021Q3,120,Hybrid Pension,1,Male,465,35 - 44 years,%,
PMQ32C02,"Employees with occupational pension, only from a previous employment",2021Q3,2021Q3,120,Hybrid Pension,1,Male,500,45 - 54 years,%,3.6
PMQ32C02,"Employees with occupational pension, only from a previous employment",2021Q3,2021Q3,120,Hybrid Pension,1,Male,540,55 - 69 years,%,6.8
PMQ32C02,"Employees with occupational pension, only from a previous employment",2021Q3,2021Q3,120,Hybrid Pension,2,Female,-,All ages,%,4.2
PMQ32C02,"Employees with occupational pension, only from a previous employment",2021Q3,2021Q3,120,Hybrid Pension,2,Female,365,20 - 24 years,%,
PMQ32C02,"Employees with occupational pension, only from a previous employment",2021Q3,2021Q3,120,Hybrid Pension,2,Female,415,25 - 34 years,%,
PMQ32C02,"Employees with occupational pension, only from a previous employment",2021Q3,2021Q3,120,Hybrid Pension,2,Female,465,35 - 44 years,%,1.7
PMQ32C02,"Employees with occupational pension, only from a previous employment",2021Q3,2021Q3,120,Hybrid Pension,2,Female,500,45 - 54 years,%,7.2
PMQ32C02,"Employees with occupational pension, only from a previous employment",2021Q3,2021Q3,120,Hybrid Pension,2,Female,540,55 - 69 years,%,5.2
PMQ32C02,"Employees with occupational pension, only from a previous employment",2022Q3,2022Q3,100,Defined benefit,1,Male,-,All ages,%,18
PMQ32C02,"Employees with occupational pension, only from a previous employment",2022Q3,2022Q3,100,Defined benefit,1,Male,365,20 - 24 years,%,
PMQ32C02,"Employees with occupational pension, only from a previous employment",2022Q3,2022Q3,100,Defined benefit,1,Male,415,25 - 34 years,%,
PMQ32C02,"Employees with occupational pension, only from a previous employment",2022Q3,2022Q3,100,Defined benefit,1,Male,465,35 - 44 years,%,
PMQ32C02,"Employees with occupational pension, only from a previous employment",2022Q3,2022Q3,100,Defined benefit,1,Male,500,45 - 54 years,%,23
PMQ32C02,"Employees with occupational pension, only from a previous employment",2022Q3,2022Q3,100,Defined benefit,1,Male,540,55 - 69 years,%,42
PMQ32C02,"Employees with occupational pension, only from a previous employment",2022Q3,2022Q3,100,Defined benefit,2,Female,-,All ages,%,19
PMQ32C02,"Employees with occupational pension, only from a previous employment",2022Q3,2022Q3,100,Defined benefit,2,Female,365,20 - 24 years,%,
PMQ32C02,"Employees with occupational pension, only from a previous employment",2022Q3,2022Q3,100,Defined benefit,2,Female,415,25 - 34 years,%,
PMQ32C02,"Employees with occupational pension, only from a previous employment",2022Q3,2022Q3,100,Defined benefit,2,Female,465,35 - 44 years,%,15
PMQ32C02,"Employees with occupational pension, only from a previous employment",2022Q3,2022Q3,100,Defined benefit,2,Female,500,45 - 54 years,%,28
PMQ32C02,"Employees with occupational pension, only from a previous employment",2022Q3,2022Q3,100,Defined benefit,2,Female,540,55 - 69 years,%,34
PMQ32C02,"Employees with occupational pension, only from a previous employment",2022Q3,2022Q3,110,Defined contribution,1,Male,-,All ages,%,80
PMQ32C02,"Employees with occupational pension, only from a previous employment",2022Q3,2022Q3,110,Defined contribution,1,Male,365,20 - 24 years,%,
PMQ32C02,"Employees with occupational pension, only from a previous employment",2022Q3,2022Q3,110,Defined contribution,1,Male,415,25 - 34 years,%,
PMQ32C02,"Employees with occupational pension, only from a previous employment",2022Q3,2022Q3,110,Defined contribution,1,Male,465,35 - 44 years,%,
PMQ32C02,"Employees with occupational pension, only from a previous employment",2022Q3,2022Q3,110,Defined contribution,1,Male,500,45 - 54 years,%,74
PMQ32C02,"Employees with occupational pension, only from a previous employment",2022Q3,2022Q3,110,Defined contribution,1,Male,540,55 - 69 years,%,58
PMQ32C02,"Employees with occupational pension, only from a previous employment",2022Q3,2022Q3,110,Defined contribution,2,Female,-,All ages,%,78
PMQ32C02,"Employees with occupational pension, only from a previous employment",2022Q3,2022Q3,110,Defined contribution,2,Female,365,20 - 24 years,%,
PMQ32C02,"Employees with occupational pension, only from a previous employment",2022Q3,2022Q3,110,Defined contribution,2,Female,415,25 - 34 years,%,
PMQ32C02,"Employees with occupational pension, only from a previous employment",2022Q3,2022Q3,110,Defined contribution,2,Female,465,35 - 44 years,%,79
PMQ32C02,"Employees with occupational pension, only from a previous employment",2022Q3,2022Q3,110,Defined contribution,2,Female,500,45 - 54 years,%,68
PMQ32C02,"Employees with occupational pension, only from a previous employment",2022Q3,2022Q3,110,Defined contribution,2,Female,540,55 - 69 years,%,62
PMQ32C02,"Employees with occupational pension, only from a previous employment",2022Q3,2022Q3,120,Hybrid Pension,1,Male,-,All ages,%,2
PMQ32C02,"Employees with occupational pension, only from a previous employment",2022Q3,2022Q3,120,Hybrid Pension,1,Male,365,20 - 24 years,%,
PMQ32C02,"Employees with occupational pension, only from a previous employment",2022Q3,2022Q3,120,Hybrid Pension,1,Male,415,25 - 34 years,%,
PMQ32C02,"Employees with occupational pension, only from a previous employment",2022Q3,2022Q3,120,Hybrid Pension,1,Male,465,35 - 44 years,%,
PMQ32C02,"Employees with occupational pension, only from a previous employment",2022Q3,2022Q3,120,Hybrid Pension,1,Male,500,45 - 54 years,%,3
PMQ32C02,"Employees with occupational pension, only from a previous employment",2022Q3,2022Q3,120,Hybrid Pension,1,Male,540,55 - 69 years,%,0
PMQ32C02,"Employees with occupational pension, only from a previous employment",2022Q3,2022Q3,120,Hybrid Pension,2,Female,-,All ages,%,3
PMQ32C02,"Employees with occupational pension, only from a previous employment",2022Q3,2022Q3,120,Hybrid Pension,2,Female,365,20 - 24 years,%,
PMQ32C02,"Employees with occupational pension, only from a previous employment",2022Q3,2022Q3,120,Hybrid Pension,2,Female,415,25 - 34 years,%,
PMQ32C02,"Employees with occupational pension, only from a previous employment",2022Q3,2022Q3,120,Hybrid Pension,2,Female,465,35 - 44 years,%,6
PMQ32C02,"Employees with occupational pension, only from a previous employment",2022Q3,2022Q3,120,Hybrid Pension,2,Female,500,45 - 54 years,%,4
PMQ32C02,"Employees with occupational pension, only from a previous employment",2022Q3,2022Q3,120,Hybrid Pension,2,Female,540,55 - 69 years,%,4
PMQ32C03,Self-employed persons with occupational pension from a previous employment,2020Q3,2020Q3,100,Defined benefit,1,Male,-,All ages,%,27
PMQ32C03,Self-employed persons with occupational pension from a previous employment,2020Q3,2020Q3,100,Defined benefit,1,Male,365,20 - 24 years,%,
PMQ32C03,Self-employed persons with occupational pension from a previous employment,2020Q3,2020Q3,100,Defined benefit,1,Male,415,25 - 34 years,%,0
PMQ32C03,Self-employed persons with occupational pension from a previous employment,2020Q3,2020Q3,100,Defined benefit,1,Male,465,35 - 44 years,%,16.6
PMQ32C03,Self-employed persons with occupational pension from a previous employment,2020Q3,2020Q3,100,Defined benefit,1,Male,500,45 - 54 years,%,23.2
PMQ32C03,Self-employed persons with occupational pension from a previous employment,2020Q3,2020Q3,100,Defined benefit,1,Male,540,55 - 69 years,%,50.7
PMQ32C03,Self-employed persons with occupational pension from a previous employment,2020Q3,2020Q3,100,Defined benefit,2,Female,-,All ages,%,23.6
PMQ32C03,Self-employed persons with occupational pension from a previous employment,2020Q3,2020Q3,100,Defined benefit,2,Female,365,20 - 24 years,%,
PMQ32C03,Self-employed persons with occupational pension from a previous employment,2020Q3,2020Q3,100,Defined benefit,2,Female,415,25 - 34 years,%,33.8
PMQ32C03,Self-employed persons with occupational pension from a previous employment,2020Q3,2020Q3,100,Defined benefit,2,Female,465,35 - 44 years,%,8.9
PMQ32C03,Self-employed persons with occupational pension from a previous employment,2020Q3,2020Q3,100,Defined benefit,2,Female,500,45 - 54 years,%,7.3
PMQ32C03,Self-employed persons with occupational pension from a previous employment,2020Q3,2020Q3,100,Defined benefit,2,Female,540,55 - 69 years,%,55
PMQ32C03,Self-employed persons with occupational pension from a previous employment,2020Q3,2020Q3,110,Defined contribution,1,Male,-,All ages,%,72
PMQ32C03,Self-employed persons with occupational pension from a previous employment,2020Q3,2020Q3,110,Defined contribution,1,Male,365,20 - 24 years,%,
PMQ32C03,Self-employed persons with occupational pension from a previous employment,2020Q3,2020Q3,110,Defined contribution,1,Male,415,25 - 34 years,%,100
PMQ32C03,Self-employed persons with occupational pension from a previous employment,2020Q3,2020Q3,110,Defined contribution,1,Male,465,35 - 44 years,%,83.4
PMQ32C03,Self-employed persons with occupational pension from a previous employment,2020Q3,2020Q3,110,Defined contribution,1,Male,500,45 - 54 years,%,74.8
PMQ32C03,Self-employed persons with occupational pension from a previous employment,2020Q3,2020Q3,110,Defined contribution,1,Male,540,55 - 69 years,%,48.2
PMQ32C03,Self-employed persons with occupational pension from a previous employment,2020Q3,2020Q3,110,Defined contribution,2,Female,-,All ages,%,69.4
PMQ32C03,Self-employed persons with occupational pension from a previous employment,2020Q3,2020Q3,110,Defined contribution,2,Female,365,20 - 24 years,%,
PMQ32C03,Self-employed persons with occupational pension from a previous employment,2020Q3,2020Q3,110,Defined contribution,2,Female,415,25 - 34 years,%,66.2
PMQ32C03,Self-employed persons with occupational pension from a previous employment,2020Q3,2020Q3,110,Defined contribution,2,Female,465,35 - 44 years,%,85.7
PMQ32C03,Self-employed persons with occupational pension from a previous employment,2020Q3,2020Q3,110,Defined contribution,2,Female,500,45 - 54 years,%,80.7
PMQ32C03,Self-employed persons with occupational pension from a previous employment,2020Q3,2020Q3,110,Defined contribution,2,Female,540,55 - 69 years,%,40.8
PMQ32C03,Self-employed persons with occupational pension from a previous employment,2020Q3,2020Q3,120,Hybrid Pension,1,Male,-,All ages,%,0.9
PMQ32C03,Self-employed persons with occupational pension from a previous employment,2020Q3,2020Q3,120,Hybrid Pension,1,Male,365,20 - 24 years,%,
PMQ32C03,Self-employed persons with occupational pension from a previous employment,2020Q3,2020Q3,120,Hybrid Pension,1,Male,415,25 - 34 years,%,0
PMQ32C03,Self-employed persons with occupational pension from a previous employment,2020Q3,2020Q3,120,Hybrid Pension,1,Male,465,35 - 44 years,%,0
PMQ32C03,Self-employed persons with occupational pension from a previous employment,2020Q3,2020Q3,120,Hybrid Pension,1,Male,500,45 - 54 years,%,2
PMQ32C03,Self-employed persons with occupational pension from a previous employment,2020Q3,2020Q3,120,Hybrid Pension,1,Male,540,55 - 69 years,%,1.2
PMQ32C03,Self-employed persons with occupational pension from a previous employment,2020Q3,2020Q3,120,Hybrid Pension,2,Female,-,All ages,%,7
PMQ32C03,Self-employed persons with occupational pension from a previous employment,2020Q3,2020Q3,120,Hybrid Pension,2,Female,365,20 - 24 years,%,
PMQ32C03,Self-employed persons with occupational pension from a previous employment,2020Q3,2020Q3,120,Hybrid Pension,2,Female,415,25 - 34 years,%,0
PMQ32C03,Self-employed persons with occupational pension from a previous employment,2020Q3,2020Q3,120,Hybrid Pension,2,Female,465,35 - 44 years,%,5.4
PMQ32C03,Self-employed persons with occupational pension from a previous employment,2020Q3,2020Q3,120,Hybrid Pension,2,Female,500,45 - 54 years,%,12
PMQ32C03,Self-employed persons with occupational pension from a previous employment,2020Q3,2020Q3,120,Hybrid Pension,2,Female,540,55 - 69 years,%,4.1
PMQ32C03,Self-employed persons with occupational pension from a previous employment,2021Q3,2021Q3,100,Defined benefit,1,Male,-,All ages,%,
PMQ32C03,Self-employed persons with occupational pension from a previous employment,2021Q3,2021Q3,100,Defined benefit,1,Male,365,20 - 24 years,%,
PMQ32C03,Self-employed persons with occupational pension from a previous employment,2021Q3,2021Q3,100,Defined benefit,1,Male,415,25 - 34 years,%,
PMQ32C03,Self-employed persons with occupational pension from a previous employment,2021Q3,2021Q3,100,Defined benefit,1,Male,465,35 - 44 years,%,
PMQ32C03,Self-employed persons with occupational pension from a previous employment,2021Q3,2021Q3,100,Defined benefit,1,Male,500,45 - 54 years,%,
PMQ32C03,Self-employed persons with occupational pension from a previous employment,2021Q3,2021Q3,100,Defined benefit,1,Male,540,55 - 69 years,%,
PMQ32C03,Self-employed persons with occupational pension from a previous employment,2021Q3,2021Q3,100,Defined benefit,2,Female,-,All ages,%,
PMQ32C03,Self-employed persons with occupational pension from a previous employment,2021Q3,2021Q3,100,Defined benefit,2,Female,365,20 - 24 years,%,
PMQ32C03,Self-employed persons with occupational pension from a previous employment,2021Q3,2021Q3,100,Defined benefit,2,Female,415,25 - 34 years,%,
PMQ32C03,Self-employed persons with occupational pension from a previous employment,2021Q3,2021Q3,100,Defined benefit,2,Female,465,35 - 44 years,%,
PMQ32C03,Self-employed persons with occupational pension from a previous employment,2021Q3,2021Q3,100,Defined benefit,2,Female,500,45 - 54 years,%,
PMQ32C03,Self-employed persons with occupational pension from a previous employment,2021Q3,2021Q3,100,Defined benefit,2,Female,540,55 - 69 years,%,
PMQ32C03,Self-employed persons with occupational pension from a previous employment,2021Q3,2021Q3,110,Defined contribution,1,Male,-,All ages,%,
PMQ32C03,Self-employed persons with occupational pension from a previous employment,2021Q3,2021Q3,110,Defined contribution,1,Male,365,20 - 24 years,%,
PMQ32C03,Self-employed persons with occupational pension from a previous employment,2021Q3,2021Q3,110,Defined contribution,1,Male,415,25 - 34 years,%,
PMQ32C03,Self-employed persons with occupational pension from a previous employment,2021Q3,2021Q3,110,Defined contribution,1,Male,465,35 - 44 years,%,
PMQ32C03,Self-employed persons with occupational pension from a previous employment,2021Q3,2021Q3,110,Defined contribution,1,Male,500,45 - 54 years,%,
PMQ32C03,Self-employed persons with occupational pension from a previous employment,2021Q3,2021Q3,110,Defined contribution,1,Male,540,55 - 69 years,%,
PMQ32C03,Self-employed persons with occupational pension from a previous employment,2021Q3,2021Q3,110,Defined contribution,2,Female,-,All ages,%,
PMQ32C03,Self-employed persons with occupational pension from a previous employment,2021Q3,2021Q3,110,Defined contribution,2,Female,365,20 - 24 years,%,
PMQ32C03,Self-employed persons with occupational pension from a previous employment,2021Q3,2021Q3,110,Defined contribution,2,Female,415,25 - 34 years,%,
PMQ32C03,Self-employed persons with occupational pension from a previous employment,2021Q3,2021Q3,110,Defined contribution,2,Female,465,35 - 44 years,%,
PMQ32C03,Self-employed persons with occupational pension from a previous employment,2021Q3,2021Q3,110,Defined contribution,2,Female,500,45 - 54 years,%,
PMQ32C03,Self-employed persons with occupational pension from a previous employment,2021Q3,2021Q3,110,Defined contribution,2,Female,540,55 - 69 years,%,
PMQ32C03,Self-employed persons with occupational pension from a previous employment,2021Q3,2021Q3,120,Hybrid Pension,1,Male,-,All ages,%,
PMQ32C03,Self-employed persons with occupational pension from a previous employment,2021Q3,2021Q3,120,Hybrid Pension,1,Male,365,20 - 24 years,%,
PMQ32C03,Self-employed persons with occupational pension from a previous employment,2021Q3,2021Q3,120,Hybrid Pension,1,Male,415,25 - 34 years,%,
PMQ32C03,Self-employed persons with occupational pension from a previous employment,2021Q3,2021Q3,120,Hybrid Pension,1,Male,465,35 - 44 years,%,
PMQ32C03,Self-employed persons with occupational pension from a previous employment,2021Q3,2021Q3,120,Hybrid Pension,1,Male,500,45 - 54 years,%,
PMQ32C03,Self-employed persons with occupational pension from a previous employment,2021Q3,2021Q3,120,Hybrid Pension,1,Male,540,55 - 69 years,%,
PMQ32C03,Self-employed persons with occupational pension from a previous employment,2021Q3,2021Q3,120,Hybrid Pension,2,Female,-,All ages,%,
PMQ32C03,Self-employed persons with occupational pension from a previous employment,2021Q3,2021Q3,120,Hybrid Pension,2,Female,365,20 - 24 years,%,
PMQ32C03,Self-employed persons with occupational pension from a previous employment,2021Q3,2021Q3,120,Hybrid Pension,2,Female,415,25 - 34 years,%,
PMQ32C03,Self-employed persons with occupational pension from a previous employment,2021Q3,2021Q3,120,Hybrid Pension,2,Female,465,35 - 44 years,%,
PMQ32C03,Self-employed persons with occupational pension from a previous employment,2021Q3,2021Q3,120,Hybrid Pension,2,Female,500,45 - 54 years,%,
PMQ32C03,Self-employed persons with occupational pension from a previous employment,2021Q3,2021Q3,120,Hybrid Pension,2,Female,540,55 - 69 years,%,
PMQ32C03,Self-employed persons with occupational pension from a previous employment,2022Q3,2022Q3,100,Defined benefit,1,Male,-,All ages,%,
PMQ32C03,Self-employed persons with occupational pension from a previous employment,2022Q3,2022Q3,100,Defined benefit,1,Male,365,20 - 24 years,%,
PMQ32C03,Self-employed persons with occupational pension from a previous employment,2022Q3,2022Q3,100,Defined benefit,1,Male,415,25 - 34 years,%,
PMQ32C03,Self-employed persons with occupational pension from a previous employment,2022Q3,2022Q3,100,Defined benefit,1,Male,465,35 - 44 years,%,
PMQ32C03,Self-employed persons with occupational pension from a previous employment,2022Q3,2022Q3,100,Defined benefit,1,Male,500,45 - 54 years,%,
PMQ32C03,Self-employed persons with occupational pension from a previous employment,2022Q3,2022Q3,100,Defined benefit,1,Male,540,55 - 69 years,%,
PMQ32C03,Self-employed persons with occupational pension from a previous employment,2022Q3,2022Q3,100,Defined benefit,2,Female,-,All ages,%,
PMQ32C03,Self-employed persons with occupational pension from a previous employment,2022Q3,2022Q3,100,Defined benefit,2,Female,365,20 - 24 years,%,
PMQ32C03,Self-employed persons with occupational pension from a previous employment,2022Q3,2022Q3,100,Defined benefit,2,Female,415,25 - 34 years,%,
PMQ32C03,Self-employed persons with occupational pension from a previous employment,2022Q3,2022Q3,100,Defined benefit,2,Female,465,35 - 44 years,%,
PMQ32C03,Self-employed persons with occupational pension from a previous employment,2022Q3,2022Q3,100,Defined benefit,2,Female,500,45 - 54 years,%,
PMQ32C03,Self-employed persons with occupational pension from a previous employment,2022Q3,2022Q3,100,Defined benefit,2,Female,540,55 - 69 years,%,
PMQ32C03,Self-employed persons with occupational pension from a previous employment,2022Q3,2022Q3,110,Defined contribution,1,Male,-,All ages,%,
PMQ32C03,Self-employed persons with occupational pension from a previous employment,2022Q3,2022Q3,110,Defined contribution,1,Male,365,20 - 24 years,%,
PMQ32C03,Self-employed persons with occupational pension from a previous employment,2022Q3,2022Q3,110,Defined contribution,1,Male,415,25 - 34 years,%,
PMQ32C03,Self-employed persons with occupational pension from a previous employment,2022Q3,2022Q3,110,Defined contribution,1,Male,465,35 - 44 years,%,
PMQ32C03,Self-employed persons with occupational pension from a previous employment,2022Q3,2022Q3,110,Defined contribution,1,Male,500,45 - 54 years,%,
PMQ32C03,Self-employed persons with occupational pension from a previous employment,2022Q3,2022Q3,110,Defined contribution,1,Male,540,55 - 69 years,%,
PMQ32C03,Self-employed persons with occupational pension from a previous employment,2022Q3,2022Q3,110,Defined contribution,2,Female,-,All ages,%,
PMQ32C03,Self-employed persons with occupational pension from a previous employment,2022Q3,2022Q3,110,Defined contribution,2,Female,365,20 - 24 years,%,
PMQ32C03,Self-employed persons with occupational pension from a previous employment,2022Q3,2022Q3,110,Defined contribution,2,Female,415,25 - 34 years,%,
PMQ32C03,Self-employed persons with occupational pension from a previous employment,2022Q3,2022Q3,110,Defined contribution,2,Female,465,35 - 44 years,%,
PMQ32C03,Self-employed persons with occupational pension from a previous employment,2022Q3,2022Q3,110,Defined contribution,2,Female,500,45 - 54 years,%,
PMQ32C03,Self-employed persons with occupational pension from a previous employment,2022Q3,2022Q3,110,Defined contribution,2,Female,540,55 - 69 years,%,
PMQ32C03,Self-employed persons with occupational pension from a previous employment,2022Q3,2022Q3,120,Hybrid Pension,1,Male,-,All ages,%,
PMQ32C03,Self-employed persons with occupational pension from a previous employment,2022Q3,2022Q3,120,Hybrid Pension,1,Male,365,20 - 24 years,%,
PMQ32C03,Self-employed persons with occupational pension from a previous employment,2022Q3,2022Q3,120,Hybrid Pension,1,Male,415,25 - 34 years,%,
PMQ32C03,Self-employed persons with occupational pension from a previous employment,2022Q3,2022Q3,120,Hybrid Pension,1,Male,465,35 - 44 years,%,
PMQ32C03,Self-employed persons with occupational pension from a previous employment,2022Q3,2022Q3,120,Hybrid Pension,1,Male,500,45 - 54 years,%,
PMQ32C03,Self-employed persons with occupational pension from a previous employment,2022Q3,2022Q3,120,Hybrid Pension,1,Male,540,55 - 69 years,%,
PMQ32C03,Self-employed persons with occupational pension from a previous employment,2022Q3,2022Q3,120,Hybrid Pension,2,Female,-,All ages,%,
PMQ32C03,Self-employed persons with occupational pension from a previous employment,2022Q3,2022Q3,120,Hybrid Pension,2,Female,365,20 - 24 years,%,
PMQ32C03,Self-employed persons with occupational pension from a previous employment,2022Q3,2022Q3,120,Hybrid Pension,2,Female,415,25 - 34 years,%,
PMQ32C03,Self-employed persons with occupational pension from a previous employment,2022Q3,2022Q3,120,Hybrid Pension,2,Female,465,35 - 44 years,%,
PMQ32C03,Self-employed persons with occupational pension from a previous employment,2022Q3,2022Q3,120,Hybrid Pension,2,Female,500,45 - 54 years,%,
PMQ32C03,Self-employed persons with occupational pension from a previous employment,2022Q3,2022Q3,120,Hybrid Pension,2,Female,540,55 - 69 years,%,
