,STATISTIC,Statistic Label,TLIST(Q1),Quarter,C03714V04461,Pension Type,C02199V02655,Sex,C02076V02508,Age Group,UNIT,VALUE,STATISTIC,Statistic Label,C02076V02508,Age Group,C02199V02655,Sex,C03325V04012,Type of Occupational Pension,TLIST(Q1),Quarter,UNIT,VALUE
0,PMQ32C01,Employees with occupational pension from their current employment,2020Q3,2020Q3,100,Defined benefit,1,Male,-,All ages,%,30.4,PMQ15,Persons with an occupational pension,365.0,20 - 24 years,1.0,Male,-,All types of occupational pensions,2015Q4,2015Q4,%,100.0
1,PMQ32C01,Employees with occupational pension from their current employment,2020Q3,2020Q3,100,Defined benefit,1,Male,365,20 - 24 years,%,28.6,PMQ15,Persons with an occupational pension,365.0,20 - 24 years,1.0,Male,-,All types of occupational pensions,2018Q3,2018Q3,%,100.0
2,PMQ32C01,Employees with occupational pension from their current employment,2020Q3,2020Q3,100,Defined benefit,1,Male,415,25 - 34 years,%,26.8,PMQ15,Persons with an occupational pension,365.0,20 - 24 years,1.0,Male,-,All types of occupational pensions,2019Q3,2019Q3,%,71.86666666666666
3,PMQ32C01,Employees with occupational pension from their current employment,2020Q3,2020Q3,100,Defined benefit,1,Male,465,35 - 44 years,%,27.0,PMQ15,Persons with an occupational pension,365.0,20 - 24 years,1.0,Male,01,Defined benefit,2015Q4,2015Q4,%,43.73333333333333
4,PMQ32C01,Employees with occupational pension from their current employment,2020Q3,2020Q3,100,Defined benefit,1,Male,500,45 - 54 years,%,29.6,PMQ15,Persons with an occupational pension,365.0,20 - 24 years,1.0,Male,01,Defined benefit,2018Q3,2018Q3,%,15.6
5,PMQ32C01,Employees with occupational pension from their current employment,2020Q3,2020Q3,100,Defined benefit,1,Male,540,55 - 69 years,%,44.3,PMQ15,Persons with an occupational pension,365.0,20 - 24 years,1.0,Male,01,Defined benefit,2019Q3,2019Q3,%,38.53333333333334
6,PMQ32C01,Employees with occupational pension from their current employment,2020Q3,2020Q3,100,Defined benefit,2,Female,-,All ages,%,37.5,PMQ15,Persons with an occupational pension,365.0,20 - 24 years,1.0,Male,02,Defined contribution,2015Q4,2015Q4,%,61.466666666666676
7,PMQ32C01,Employees with occupational pension from their current employment,2020Q3,2020Q3,100,Defined benefit,2,Female,365,20 - 24 years,%,34.5,PMQ15,Persons with an occupational pension,365.0,20 - 24 years,1.0,Male,02,Defined contribution,2018Q3,2018Q3,%,84.4
8,PMQ32C01,Employees with occupational pension from their current employment,2020Q3,2020Q3,100,Defined benefit,2,Female,415,25 - 34 years,%,31.5,PMQ15,Persons with an occupational pension,365.0,20 - 24 years,1.0,Male,02,Defined contribution,2019Q3,2019Q3,%,56.266666666666666
9,PMQ32C01,Employees with occupational pension from their current employment,2020Q3,2020Q3,100,Defined benefit,2,Female,465,35 - 44 years,%,36.3,PMQ15,Persons with an occupational pension,365.0,20 - 24 years,1.0,Male,03,Do not know/Not stated,2015Q4,2015Q4,%,28.133333333333333
10,PMQ32C01,Employees with occupational pension from their current employment,2020Q3,2020Q3,100,Defined benefit,2,Female,500,45 - 54 years,%,42.4,PMQ15,Persons with an occupational pension,365.0,20 - 24 years,1.0,Male,03,Do not know/Not stated,2018Q3,2018Q3,%,0.0
11,PMQ32C01,Employees with occupational pension from their current employment,2020Q3,2020Q3,100,Defined benefit,2,Female,540,55 - 69 years,%,48.2,PMQ15,Persons with an occupational pension,365.0,20 - 24 years,1.0,Male,03,Do not know/Not stated,2019Q3,2019Q3,%,33.333333333333336
12,PMQ32C01,Employees with occupational pension from their current employment,2020Q3,2020Q3,110,Defined contribution,1,Male,-,All ages,%,66.6,PMQ15,Persons with an occupational pension,365.0,20 - 24 years,2.0,Female,-,All types of occupational pensions,2015Q4,2015Q4,%,66.66666666666667
13,PMQ32C01,Employees with occupational pension from their current employment,2020Q3,2020Q3,110,Defined contribution,1,Male,365,20 - 24 years,%,69.44999999999999,PMQ15,Persons with an occupational pension,365.0,20 - 24 years,2.0,Female,-,All types of occupational pensions,2018Q3,2018Q3,%,100.0
14,PMQ32C01,Employees with occupational pension from their current employment,2020Q3,2020Q3,110,Defined contribution,1,Male,415,25 - 34 years,%,72.3,PMQ15,Persons with an occupational pension,365.0,20 - 24 years,2.0,Female,-,All types of occupational pensions,2019Q3,2019Q3,%,77.03333333333333
15,PMQ32C01,Employees with occupational pension from their current employment,2020Q3,2020Q3,110,Defined contribution,1,Male,465,35 - 44 years,%,70.5,PMQ15,Persons with an occupational pension,365.0,20 - 24 years,2.0,Female,01,Defined benefit,2015Q4,2015Q4,%,54.06666666666666
16,PMQ32C01,Employees with occupational pension from their current employment,2020Q3,2020Q3,110,Defined contribution,1,Male,500,45 - 54 years,%,66.8,PMQ15,Persons with an occupational pension,365.0,20 - 24 years,2.0,Female,01,Defined benefit,2018Q3,2018Q3,%,31.1
17,PMQ32C01,Employees with occupational pension from their current employment,2020Q3,2020Q3,110,Defined contribution,1,Male,540,55 - 69 years,%,49.7,PMQ15,Persons with an occupational pension,365.0,20 - 24 years,2.0,Female,01,Defined benefit,2019Q3,2019Q3,%,43.7
18,PMQ32C01,Employees with occupational pension from their current employment,2020Q3,2020Q3,110,Defined contribution,2,Female,-,All ages,%,60.9,PMQ15,Persons with an occupational pension,365.0,20 - 24 years,2.0,Female,02,Defined contribution,2015Q4,2015Q4,%,56.300000000000004
19,PMQ32C01,Employees with occupational pension from their current employment,2020Q3,2020Q3,110,Defined contribution,2,Female,365,20 - 24 years,%,64.7,PMQ15,Persons with an occupational pension,365.0,20 - 24 years,2.0,Female,02,Defined contribution,2018Q3,2018Q3,%,68.9
20,PMQ32C01,Employees with occupational pension from their current employment,2020Q3,2020Q3,110,Defined contribution,2,Female,415,25 - 34 years,%,68.5,PMQ15,Persons with an occupational pension,365.0,20 - 24 years,2.0,Female,02,Defined contribution,2019Q3,2019Q3,%,45.93333333333334
21,PMQ32C01,Employees with occupational pension from their current employment,2020Q3,2020Q3,110,Defined contribution,2,Female,465,35 - 44 years,%,62.2,PMQ15,Persons with an occupational pension,365.0,20 - 24 years,2.0,Female,03,Do not know/Not stated,2015Q4,2015Q4,%,22.96666666666667
22,PMQ32C01,Employees with occupational pension from their current employment,2020Q3,2020Q3,110,Defined contribution,2,Female,500,45 - 54 years,%,55.7,PMQ15,Persons with an occupational pension,365.0,20 - 24 years,2.0,Female,03,Do not know/Not stated,2018Q3,2018Q3,%,0.0
23,PMQ32C01,Employees with occupational pension from their current employment,2020Q3,2020Q3,110,Defined contribution,2,Female,540,55 - 69 years,%,48.7,PMQ15,Persons with an occupational pension,365.0,20 - 24 years,2.0,Female,03,Do not know/Not stated,2019Q3,2019Q3,%,50.0
24,PMQ32C01,Employees with occupational pension from their current employment,2020Q3,2020Q3,120,Hybrid Pension,1,Male,-,All ages,%,3.0,PMQ15,Persons with an occupational pension,415.0,25 - 34 years,1.0,Male,-,All types of occupational pensions,2015Q4,2015Q4,%,100.0
25,PMQ32C01,Employees with occupational pension from their current employment,2020Q3,2020Q3,120,Hybrid Pension,1,Male,365,20 - 24 years,%,2.0,PMQ15,Persons with an occupational pension,415.0,25 - 34 years,1.0,Male,-,All types of occupational pensions,2018Q3,2018Q3,%,100.0
26,PMQ32C01,Employees with occupational pension from their current employment,2020Q3,2020Q3,120,Hybrid Pension,1,Male,415,25 - 34 years,%,1.0,PMQ15,Persons with an occupational pension,415.0,25 - 34 years,1.0,Male,-,All types of occupational pensions,2019Q3,2019Q3,%,69.2
27,PMQ32C01,Employees with occupational pension from their current employment,2020Q3,2020Q3,120,Hybrid Pension,1,Male,465,35 - 44 years,%,2.5,PMQ15,Persons with an occupational pension,415.0,25 - 34 years,1.0,Male,01,Defined benefit,2015Q4,2015Q4,%,38.4
28,PMQ32C01,Employees with occupational pension from their current employment,2020Q3,2020Q3,120,Hybrid Pension,1,Male,500,45 - 54 years,%,3.5,PMQ15,Persons with an occupational pension,415.0,25 - 34 years,1.0,Male,01,Defined benefit,2018Q3,2018Q3,%,32.3
29,PMQ32C01,Employees with occupational pension from their current employment,2020Q3,2020Q3,120,Hybrid Pension,1,Male,540,55 - 69 years,%,6.1,PMQ15,Persons with an occupational pension,415.0,25 - 34 years,1.0,Male,01,Defined benefit,2019Q3,2019Q3,%,19.1
30,PMQ32C01,Employees with occupational pension from their current employment,2020Q3,2020Q3,120,Hybrid Pension,2,Female,-,All ages,%,1.5,PMQ15,Persons with an occupational pension,415.0,25 - 34 years,1.0,Male,02,Defined contribution,2015Q4,2015Q4,%,61.6
31,PMQ32C01,Employees with occupational pension from their current employment,2020Q3,2020Q3,120,Hybrid Pension,2,Female,365,20 - 24 years,%,0.75,PMQ15,Persons with an occupational pension,415.0,25 - 34 years,1.0,Male,02,Defined contribution,2018Q3,2018Q3,%,67.7
32,PMQ32C01,Employees with occupational pension from their current employment,2020Q3,2020Q3,120,Hybrid Pension,2,Female,415,25 - 34 years,%,0.0,PMQ15,Persons with an occupational pension,415.0,25 - 34 years,1.0,Male,02,Defined contribution,2019Q3,2019Q3,%,78.4
33,PMQ32C01,Employees with occupational pension from their current employment,2020Q3,2020Q3,120,Hybrid Pension,2,Female,465,35 - 44 years,%,1.5,PMQ15,Persons with an occupational pension,415.0,25 - 34 years,1.0,Male,03,Do not know/Not stated,2015Q4,2015Q4,%,0.0
34,PMQ32C01,Employees with occupational pension from their current employment,2020Q3,2020Q3,120,Hybrid Pension,2,Female,500,45 - 54 years,%,1.9,PMQ15,Persons with an occupational pension,415.0,25 - 34 years,1.0,Male,03,Do not know/Not stated,2018Q3,2018Q3,%,0.0
35,PMQ32C01,Employees with occupational pension from their current employment,2020Q3,2020Q3,120,Hybrid Pension,2,Female,540,55 - 69 years,%,3.1,PMQ15,Persons with an occupational pension,415.0,25 - 34 years,1.0,Male,03,Do not know/Not stated,2019Q3,2019Q3,%,50.0
36,PMQ32C01,Employees with occupational pension from their current employment,2021Q3,2021Q3,100,Defined benefit,1,Male,-,All ages,%,23.3,PMQ15,Persons with an occupational pension,415.0,25 - 34 years,2.0,Female,-,All types of occupational pensions,2015Q4,2015Q4,%,100.0
37,PMQ32C01,Employees with occupational pension from their current employment,2021Q3,2021Q3,100,Defined benefit,1,Male,365,20 - 24 years,%,23.450000000000003,PMQ15,Persons with an occupational pension,415.0,25 - 34 years,2.0,Female,-,All types of occupational pensions,2018Q3,2018Q3,%,100.0
38,PMQ32C01,Employees with occupational pension from their current employment,2021Q3,2021Q3,100,Defined benefit,1,Male,415,25 - 34 years,%,23.6,PMQ15,Persons with an occupational pension,415.0,25 - 34 years,2.0,Female,-,All types of occupational pensions,2019Q3,2019Q3,%,70.95
39,PMQ32C01,Employees with occupational pension from their current employment,2021Q3,2021Q3,100,Defined benefit,1,Male,465,35 - 44 years,%,25.0,PMQ15,Persons with an occupational pension,415.0,25 - 34 years,2.0,Female,01,Defined benefit,2015Q4,2015Q4,%,41.9
40,PMQ32C01,Employees with occupational pension from their current employment,2021Q3,2021Q3,100,Defined benefit,1,Male,500,45 - 54 years,%,27.0,PMQ15,Persons with an occupational pension,415.0,25 - 34 years,2.0,Female,01,Defined benefit,2018Q3,2018Q3,%,35.7
41,PMQ32C01,Employees with occupational pension from their current employment,2021Q3,2021Q3,100,Defined benefit,1,Male,540,55 - 69 years,%,37.0,PMQ15,Persons with an occupational pension,415.0,25 - 34 years,2.0,Female,01,Defined benefit,2019Q3,2019Q3,%,34.3
42,PMQ32C01,Employees with occupational pension from their current employment,2021Q3,2021Q3,100,Defined benefit,2,Female,-,All ages,%,33.1,PMQ15,Persons with an occupational pension,415.0,25 - 34 years,2.0,Female,02,Defined contribution,2015Q4,2015Q4,%,58.1
43,PMQ32C01,Employees with occupational pension from their current employment,2021Q3,2021Q3,100,Defined benefit,2,Female,365,20 - 24 years,%,30.1,PMQ15,Persons with an occupational pension,415.0,25 - 34 years,2.0,Female,02,Defined contribution,2018Q3,2018Q3,%,64.3
44,PMQ32C01,Employees with occupational pension from their current employment,2021Q3,2021Q3,100,Defined benefit,2,Female,415,25 - 34 years,%,27.1,PMQ15,Persons with an occupational pension,415.0,25 - 34 years,2.0,Female,02,Defined contribution,2019Q3,2019Q3,%,64.1
45,PMQ32C01,Employees with occupational pension from their current employment,2021Q3,2021Q3,100,Defined benefit,2,Female,465,35 - 44 years,%,32.7,PMQ15,Persons with an occupational pension,415.0,25 - 34 years,2.0,Female,03,Do not know/Not stated,2015Q4,2015Q4,%,0.0
46,PMQ32C01,Employees with occupational pension from their current employment,2021Q3,2021Q3,100,Defined benefit,2,Female,500,45 - 54 years,%,36.1,PMQ15,Persons with an occupational pension,415.0,25 - 34 years,2.0,Female,03,Do not know/Not stated,2018Q3,2018Q3,%,0.0
47,PMQ32C01,Employees with occupational pension from their current employment,2021Q3,2021Q3,100,Defined benefit,2,Female,540,55 - 69 years,%,44.7,PMQ15,Persons with an occupational pension,415.0,25 - 34 years,2.0,Female,03,Do not know/Not stated,2019Q3,2019Q3,%,50.0
48,PMQ32C01,Employees with occupational pension from their current employment,2021Q3,2021Q3,110,Defined contribution,1,Male,-,All ages,%,72.0,PMQ15,Persons with an occupational pension,465.0,35 - 44 years,1.0,Male,-,All types of occupational pensions,2015Q4,2015Q4,%,100.0
49,PMQ32C01,Employees with occupational pension from their current employment,2021Q3,2021Q3,110,Defined contribution,1,Male,365,20 - 24 years,%,71.9,PMQ15,Persons with an occupational pension,465.0,35 - 44 years,1.0,Male,-,All types of occupational pensions,2018Q3,2018Q3,%,100.0
50,PMQ32C01,Employees with occupational pension from their current employment,2021Q3,2021Q3,110,Defined contribution,1,Male,415,25 - 34 years,%,71.8,PMQ15,Persons with an occupational pension,465.0,35 - 44 years,1.0,Male,-,All types of occupational pensions,2019Q3,2019Q3,%,70.1
51,PMQ32C01,Employees with occupational pension from their current employment,2021Q3,2021Q3,110,Defined contribution,1,Male,465,35 - 44 years,%,71.1,PMQ15,Persons with an occupational pension,465.0,35 - 44 years,1.0,Male,01,Defined benefit,2015Q4,2015Q4,%,40.2
52,PMQ32C01,Employees with occupational pension from their current employment,2021Q3,2021Q3,110,Defined contribution,1,Male,500,45 - 54 years,%,67.8,PMQ15,Persons with an occupational pension,465.0,35 - 44 years,1.0,Male,01,Defined benefit,2018Q3,2018Q3,%,29.9
53,PMQ32C01,Employees with occupational pension from their current employment,2021Q3,2021Q3,110,Defined contribution,1,Male,540,55 - 69 years,%,59.1,PMQ15,Persons with an occupational pension,465.0,35 - 44 years,1.0,Male,01,Defined benefit,2019Q3,2019Q3,%,25.3
54,PMQ32C01,Employees with occupational pension from their current employment,2021Q3,2021Q3,110,Defined contribution,2,Female,-,All ages,%,64.8,PMQ15,Persons with an occupational pension,465.0,35 - 44 years,1.0,Male,02,Defined contribution,2015Q4,2015Q4,%,59.4
55,PMQ32C01,Employees with occupational pension from their current employment,2021Q3,2021Q3,110,Defined contribution,2,Female,365,20 - 24 years,%,67.25,PMQ15,Persons with an occupational pension,465.0,35 - 44 years,1.0,Male,02,Defined contribution,2018Q3,2018Q3,%,70.1
56,PMQ32C01,Employees with occupational pension from their current employment,2021Q3,2021Q3,110,Defined contribution,2,Female,415,25 - 34 years,%,69.7,PMQ15,Persons with an occupational pension,465.0,35 - 44 years,1.0,Male,02,Defined contribution,2019Q3,2019Q3,%,73.1
57,PMQ32C01,Employees with occupational pension from their current employment,2021Q3,2021Q3,110,Defined contribution,2,Female,465,35 - 44 years,%,65.1,PMQ15,Persons with an occupational pension,465.0,35 - 44 years,1.0,Male,03,Do not know/Not stated,2015Q4,2015Q4,%,0.4
58,PMQ32C01,Employees with occupational pension from their current employment,2021Q3,2021Q3,110,Defined contribution,2,Female,500,45 - 54 years,%,62.2,PMQ15,Persons with an occupational pension,465.0,35 - 44 years,1.0,Male,03,Do not know/Not stated,2018Q3,2018Q3,%,0.0
59,PMQ32C01,Employees with occupational pension from their current employment,2021Q3,2021Q3,110,Defined contribution,2,Female,540,55 - 69 years,%,53.9,PMQ15,Persons with an occupational pension,465.0,35 - 44 years,1.0,Male,03,Do not know/Not stated,2019Q3,2019Q3,%,50.0
60,PMQ32C01,Employees with occupational pension from their current employment,2021Q3,2021Q3,120,Hybrid Pension,1,Male,-,All ages,%,4.7,PMQ15,Persons with an occupational pension,465.0,35 - 44 years,2.0,Female,-,All types of occupational pensions,2015Q4,2015Q4,%,100.0
61,PMQ32C01,Employees with occupational pension from their current employment,2021Q3,2021Q3,120,Hybrid Pension,1,Male,365,20 - 24 years,%,4.65,PMQ15,Persons with an occupational pension,465.0,35 - 44 years,2.0,Female,-,All types of occupational pensions,2018Q3,2018Q3,%,100.0
62,PMQ32C01,Employees with occupational pension from their current employment,2021Q3,2021Q3,120,Hybrid Pension,1,Male,415,25 - 34 years,%,4.6,PMQ15,Persons with an occupational pension,465.0,35 - 44 years,2.0,Female,-,All types of occupational pensions,2019Q3,2019Q3,%,76.45
63,PMQ32C01,Employees with occupational pension from their current employment,2021Q3,2021Q3,120,Hybrid Pension,1,Male,465,35 - 44 years,%,3.9,PMQ15,Persons with an occupational pension,465.0,35 - 44 years,2.0,Female,01,Defined benefit,2015Q4,2015Q4,%,52.9
64,PMQ32C01,Employees with occupational pension from their current employment,2021Q3,2021Q3,120,Hybrid Pension,1,Male,500,45 - 54 years,%,5.1,PMQ15,Persons with an occupational pension,465.0,35 - 44 years,2.0,Female,01,Defined benefit,2018Q3,2018Q3,%,47.3
65,PMQ32C01,Employees with occupational pension from their current employment,2021Q3,2021Q3,120,Hybrid Pension,1,Male,540,55 - 69 years,%,3.9,PMQ15,Persons with an occupational pension,465.0,35 - 44 years,2.0,Female,01,Defined benefit,2019Q3,2019Q3,%,41.9
66,PMQ32C01,Employees with occupational pension from their current employment,2021Q3,2021Q3,120,Hybrid Pension,2,Female,-,All ages,%,2.1,PMQ15,Persons with an occupational pension,465.0,35 - 44 years,2.0,Female,02,Defined contribution,2015Q4,2015Q4,%,46.8
67,PMQ32C01,Employees with occupational pension from their current employment,2021Q3,2021Q3,120,Hybrid Pension,2,Female,365,20 - 24 years,%,2.6,PMQ15,Persons with an occupational pension,465.0,35 - 44 years,2.0,Female,02,Defined contribution,2018Q3,2018Q3,%,52.7
68,PMQ32C01,Employees with occupational pension from their current employment,2021Q3,2021Q3,120,Hybrid Pension,2,Female,415,25 - 34 years,%,3.1,PMQ15,Persons with an occupational pension,465.0,35 - 44 years,2.0,Female,02,Defined contribution,2019Q3,2019Q3,%,55.4
69,PMQ32C01,Employees with occupational pension from their current employment,2021Q3,2021Q3,120,Hybrid Pension,2,Female,465,35 - 44 years,%,2.2,PMQ15,Persons with an occupational pension,465.0,35 - 44 years,2.0,Female,03,Do not know/Not stated,2015Q4,2015Q4,%,0.3
70,PMQ32C01,Employees with occupational pension from their current employment,2021Q3,2021Q3,120,Hybrid Pension,2,Female,500,45 - 54 years,%,1.7,PMQ15,Persons with an occupational pension,465.0,35 - 44 years,2.0,Female,03,Do not know/Not stated,2018Q3,2018Q3,%,0.0
71,PMQ32C01,Employees with occupational pension from their current employment,2021Q3,2021Q3,120,Hybrid Pension,2,Female,540,55 - 69 years,%,1.5,PMQ15,Persons with an occupational pension,465.0,35 - 44 years,2.0,Female,03,Do not know/Not stated,2019Q3,2019Q3,%,50.0
72,PMQ32C01,Employees with occupational pension from their current employment,2022Q3,2022Q3,100,Defined benefit,1,Male,-,All ages,%,29.0,PMQ15,Persons with an occupational pension,500.0,45 - 54 years,1.0,Male,-,All types of occupational pensions,2015Q4,2015Q4,%,100.0
73,PMQ32C01,Employees with occupational pension from their current employment,2022Q3,2022Q3,100,Defined benefit,1,Male,365,20 - 24 years,%,26.5,PMQ15,Persons with an occupational pension,500.0,45 - 54 years,1.0,Male,-,All types of occupational pensions,2018Q3,2018Q3,%,100.0
74,PMQ32C01,Employees with occupational pension from their current employment,2022Q3,2022Q3,100,Defined benefit,1,Male,415,25 - 34 years,%,24.0,PMQ15,Persons with an occupational pension,500.0,45 - 54 years,1.0,Male,-,All types of occupational pensions,2019Q3,2019Q3,%,70.7
75,PMQ32C01,Employees with occupational pension from their current employment,2022Q3,2022Q3,100,Defined benefit,1,Male,465,35 - 44 years,%,27.0,PMQ15,Persons with an occupational pension,500.0,45 - 54 years,1.0,Male,01,Defined benefit,2015Q4,2015Q4,%,41.4
76,PMQ32C01,Employees with occupational pension from their current employment,2022Q3,2022Q3,100,Defined benefit,1,Male,500,45 - 54 years,%,30.0,PMQ15,Persons with an occupational pension,500.0,45 - 54 years,1.0,Male,01,Defined benefit,2018Q3,2018Q3,%,40.9
77,PMQ32C01,Employees with occupational pension from their current employment,2022Q3,2022Q3,100,Defined benefit,1,Male,540,55 - 69 years,%,37.0,PMQ15,Persons with an occupational pension,500.0,45 - 54 years,1.0,Male,01,Defined benefit,2019Q3,2019Q3,%,32.2
78,PMQ32C01,Employees with occupational pension from their current employment,2022Q3,2022Q3,100,Defined benefit,2,Female,-,All ages,%,36.0,PMQ15,Persons with an occupational pension,500.0,45 - 54 years,1.0,Male,02,Defined contribution,2015Q4,2015Q4,%,58.6
79,PMQ32C01,Employees with occupational pension from their current employment,2022Q3,2022Q3,100,Defined benefit,2,Female,365,20 - 24 years,%,30.0,PMQ15,Persons with an occupational pension,500.0,45 - 54 years,1.0,Male,02,Defined contribution,2018Q3,2018Q3,%,59.1
80,PMQ32C01,Employees with occupational pension from their current employment,2022Q3,2022Q3,100,Defined benefit,2,Female,415,25 - 34 years,%,24.0,PMQ15,Persons with an occupational pension,500.0,45 - 54 years,1.0,Male,02,Defined contribution,2019Q3,2019Q3,%,65.9
81,PMQ32C01,Employees with occupational pension from their current employment,2022Q3,2022Q3,100,Defined benefit,2,Female,465,35 - 44 years,%,33.0,PMQ15,Persons with an occupational pension,500.0,45 - 54 years,1.0,Male,03,Do not know/Not stated,2015Q4,2015Q4,%,0.0
82,PMQ32C01,Employees with occupational pension from their current employment,2022Q3,2022Q3,100,Defined benefit,2,Female,500,45 - 54 years,%,41.0,PMQ15,Persons with an occupational pension,500.0,45 - 54 years,1.0,Male,03,Do not know/Not stated,2018Q3,2018Q3,%,0.0
83,PMQ32C01,Employees with occupational pension from their current employment,2022Q3,2022Q3,100,Defined benefit,2,Female,540,55 - 69 years,%,47.0,PMQ15,Persons with an occupational pension,500.0,45 - 54 years,1.0,Male,03,Do not know/Not stated,2019Q3,2019Q3,%,50.0
84,PMQ32C01,Employees with occupational pension from their current employment,2022Q3,2022Q3,110,Defined contribution,1,Male,-,All ages,%,65.0,PMQ15,Persons with an occupational pension,500.0,45 - 54 years,2.0,Female,-,All types of occupational pensions,2015Q4,2015Q4,%,100.0
85,PMQ32C01,Employees with occupational pension from their current employment,2022Q3,2022Q3,110,Defined contribution,1,Male,365,20 - 24 years,%,69.0,PMQ15,Persons with an occupational pension,500.0,45 - 54 years,2.0,Female,-,All types of occupational pensions,2018Q3,2018Q3,%,100.0
86,PMQ32C01,Employees with occupational pension from their current employment,2022Q3,2022Q3,110,Defined contribution,1,Male,415,25 - 34 years,%,73.0,PMQ15,Persons with an occupational pension,500.0,45 - 54 years,2.0,Female,-,All types of occupational pensions,2019Q3,2019Q3,%,78.0
87,PMQ32C01,Employees with occupational pension from their current employment,2022Q3,2022Q3,110,Defined contribution,1,Male,465,35 - 44 years,%,68.0,PMQ15,Persons with an occupational pension,500.0,45 - 54 years,2.0,Female,01,Defined benefit,2015Q4,2015Q4,%,56.0
88,PMQ32C01,Employees with occupational pension from their current employment,2022Q3,2022Q3,110,Defined contribution,1,Male,500,45 - 54 years,%,61.0,PMQ15,Persons with an occupational pension,500.0,45 - 54 years,2.0,Female,01,Defined benefit,2018Q3,2018Q3,%,56.2
89,PMQ32C01,Employees with occupational pension from their current employment,2022Q3,2022Q3,110,Defined contribution,1,Male,540,55 - 69 years,%,55.0,PMQ15,Persons with an occupational pension,500.0,45 - 54 years,2.0,Female,01,Defined benefit,2019Q3,2019Q3,%,44.1
90,PMQ32C01,Employees with occupational pension from their current employment,2022Q3,2022Q3,110,Defined contribution,2,Female,-,All ages,%,59.0,PMQ15,Persons with an occupational pension,500.0,45 - 54 years,2.0,Female,02,Defined contribution,2015Q4,2015Q4,%,43.8
91,PMQ32C01,Employees with occupational pension from their current employment,2022Q3,2022Q3,110,Defined contribution,2,Female,365,20 - 24 years,%,64.5,PMQ15,Persons with an occupational pension,500.0,45 - 54 years,2.0,Female,02,Defined contribution,2018Q3,2018Q3,%,43.8
92,PMQ32C01,Employees with occupational pension from their current employment,2022Q3,2022Q3,110,Defined contribution,2,Female,415,25 - 34 years,%,70.0,PMQ15,Persons with an occupational pension,500.0,45 - 54 years,2.0,Female,02,Defined contribution,2019Q3,2019Q3,%,54.7
93,PMQ32C01,Employees with occupational pension from their current employment,2022Q3,2022Q3,110,Defined contribution,2,Female,465,35 - 44 years,%,60.0,PMQ15,Persons with an occupational pension,500.0,45 - 54 years,2.0,Female,03,Do not know/Not stated,2015Q4,2015Q4,%,0.2
94,PMQ32C01,Employees with occupational pension from their current employment,2022Q3,2022Q3,110,Defined contribution,2,Female,500,45 - 54 years,%,54.0,PMQ15,Persons with an occupational pension,500.0,45 - 54 years,2.0,Female,03,Do not know/Not stated,2018Q3,2018Q3,%,0.0
95,PMQ32C01,Employees with occupational pension from their current employment,2022Q3,2022Q3,110,Defined contribution,2,Female,540,55 - 69 years,%,49.0,PMQ15,Persons with an occupational pension,500.0,45 - 54 years,2.0,Female,03,Do not know/Not stated,2019Q3,2019Q3,%,50.0
96,PMQ32C01,Employees with occupational pension from their current employment,2022Q3,2022Q3,120,Hybrid Pension,1,Male,-,All ages,%,7.0,PMQ15,Persons with an occupational pension,540.0,55 - 69 years,1.0,Male,-,All types of occupational pensions,2015Q4,2015Q4,%,100.0
97,PMQ32C01,Employees with occupational pension from their current employment,2022Q3,2022Q3,120,Hybrid Pension,1,Male,365,20 - 24 years,%,5.0,PMQ15,Persons with an occupational pension,540.0,55 - 69 years,1.0,Male,-,All types of occupational pensions,2018Q3,2018Q3,%,100.0
98,PMQ32C01,Employees with occupational pension from their current employment,2022Q3,2022Q3,120,Hybrid Pension,1,Male,415,25 - 34 years,%,3.0,PMQ15,Persons with an occupational pension,540.0,55 - 69 years,1.0,Male,-,All types of occupational pensions,2019Q3,2019Q3,%,74.45
99,PMQ32C01,Employees with occupational pension from their current employment,2022Q3,2022Q3,120,Hybrid Pension,1,Male,465,35 - 44 years,%,6.0,PMQ15,Persons with an occupational pension,540.0,55 - 69 years,1.0,Male,01,Defined benefit,2015Q4,2015Q4,%,48.9
100,PMQ32C01,Employees with occupational pension from their current employment,2022Q3,2022Q3,120,Hybrid Pension,1,Male,500,45 - 54 years,%,9.0,PMQ15,Persons with an occupational pension,540.0,55 - 69 years,1.0,Male,01,Defined benefit,2018Q3,2018Q3,%,54.9
101,PMQ32C01,Employees with occupational pension from their current employment,2022Q3,2022Q3,120,Hybrid Pension,1,Male,540,55 - 69 years,%,8.0,PMQ15,Persons with an occupational pension,540.0,55 - 69 years,1.0,Male,01,Defined benefit,2019Q3,2019Q3,%,51.8
102,PMQ32C01,Employees with occupational pension from their current employment,2022Q3,2022Q3,120,Hybrid Pension,2,Female,-,All ages,%,6.0,PMQ15,Persons with an occupational pension,540.0,55 - 69 years,1.0,Male,02,Defined contribution,2015Q4,2015Q4,%,49.7
103,PMQ32C01,Employees with occupational pension from their current employment,2022Q3,2022Q3,120,Hybrid Pension,2,Female,365,20 - 24 years,%,6.0,PMQ15,Persons with an occupational pension,540.0,55 - 69 years,1.0,Male,02,Defined contribution,2018Q3,2018Q3,%,45.1
104,PMQ32C01,Employees with occupational pension from their current employment,2022Q3,2022Q3,120,Hybrid Pension,2,Female,415,25 - 34 years,%,6.0,PMQ15,Persons with an occupational pension,540.0,55 - 69 years,1.0,Male,02,Defined contribution,2019Q3,2019Q3,%,45.8
105,PMQ32C01,Employees with occupational pension from their current employment,2022Q3,2022Q3,120,Hybrid Pension,2,Female,465,35 - 44 years,%,7.0,PMQ15,Persons with an occupational pension,540.0,55 - 69 years,1.0,Male,03,Do not know/Not stated,2015Q4,2015Q4,%,1.4
106,PMQ32C01,Employees with occupational pension from their current employment,2022Q3,2022Q3,120,Hybrid Pension,2,Female,500,45 - 54 years,%,5.0,PMQ15,Persons with an occupational pension,540.0,55 - 69 years,1.0,Male,03,Do not know/Not stated,2018Q3,2018Q3,%,0.0
107,PMQ32C01,Employees with occupational pension from their current employment,2022Q3,2022Q3,120,Hybrid Pension,2,Female,540,55 - 69 years,%,4.0,PMQ15,Persons with an occupational pension,540.0,55 - 69 years,1.0,Male,03,Do not know/Not stated,2019Q3,2019Q3,%,50.0
108,PMQ32C02,"Employees with occupational pension, only from a previous employment",2020Q3,2020Q3,100,Defined benefit,1,Male,-,All ages,%,18.9,PMQ15,Persons with an occupational pension,540.0,55 - 69 years,2.0,Female,-,All types of occupational pensions,2015Q4,2015Q4,%,100.0
109,PMQ32C02,"Employees with occupational pension, only from a previous employment",2020Q3,2020Q3,100,Defined benefit,1,Male,365,20 - 24 years,%,15.35,PMQ15,Persons with an occupational pension,540.0,55 - 69 years,2.0,Female,-,All types of occupational pensions,2018Q3,2018Q3,%,100.0
110,PMQ32C02,"Employees with occupational pension, only from a previous employment",2020Q3,2020Q3,100,Defined benefit,1,Male,415,25 - 34 years,%,11.8,PMQ15,Persons with an occupational pension,540.0,55 - 69 years,2.0,Female,-,All types of occupational pensions,2019Q3,2019Q3,%,77.15
111,PMQ32C02,"Employees with occupational pension, only from a previous employment",2020Q3,2020Q3,100,Defined benefit,1,Male,465,35 - 44 years,%,7.5,PMQ15,Persons with an occupational pension,540.0,55 - 69 years,2.0,Female,01,Defined benefit,2015Q4,2015Q4,%,54.3
112,PMQ32C02,"Employees with occupational pension, only from a previous employment",2020Q3,2020Q3,100,Defined benefit,1,Male,500,45 - 54 years,%,18.4,PMQ15,Persons with an occupational pension,540.0,55 - 69 years,2.0,Female,01,Defined benefit,2018Q3,2018Q3,%,58.0
113,PMQ32C02,"Employees with occupational pension, only from a previous employment",2020Q3,2020Q3,100,Defined benefit,1,Male,540,55 - 69 years,%,33.8,PMQ15,Persons with an occupational pension,540.0,55 - 69 years,2.0,Female,01,Defined benefit,2019Q3,2019Q3,%,53.3
114,PMQ32C02,"Employees with occupational pension, only from a previous employment",2020Q3,2020Q3,100,Defined benefit,2,Female,-,All ages,%,23.8,PMQ15,Persons with an occupational pension,540.0,55 - 69 years,2.0,Female,02,Defined contribution,2015Q4,2015Q4,%,45.7
115,PMQ32C02,"Employees with occupational pension, only from a previous employment",2020Q3,2020Q3,100,Defined benefit,2,Female,365,20 - 24 years,%,11.9,PMQ15,Persons with an occupational pension,540.0,55 - 69 years,2.0,Female,02,Defined contribution,2018Q3,2018Q3,%,42.0
116,PMQ32C02,"Employees with occupational pension, only from a previous employment",2020Q3,2020Q3,100,Defined benefit,2,Female,415,25 - 34 years,%,0.0,PMQ15,Persons with an occupational pension,540.0,55 - 69 years,2.0,Female,02,Defined contribution,2019Q3,2019Q3,%,44.4
117,PMQ32C02,"Employees with occupational pension, only from a previous employment",2020Q3,2020Q3,100,Defined benefit,2,Female,465,35 - 44 years,%,23.1,PMQ15,Persons with an occupational pension,540.0,55 - 69 years,2.0,Female,03,Do not know/Not stated,2015Q4,2015Q4,%,0.0
118,PMQ32C02,"Employees with occupational pension, only from a previous employment",2020Q3,2020Q3,100,Defined benefit,2,Female,500,45 - 54 years,%,26.7,PMQ15,Persons with an occupational pension,540.0,55 - 69 years,2.0,Female,03,Do not know/Not stated,2018Q3,2018Q3,%,100.0
119,PMQ32C02,"Employees with occupational pension, only from a previous employment",2020Q3,2020Q3,100,Defined benefit,2,Female,540,55 - 69 years,%,38.6,PMQ15,Persons with an occupational pension,540.0,55 - 69 years,2.0,Female,03,Do not know/Not stated,2019Q3,2019Q3,%,
120,PMQ32C02,"Employees with occupational pension, only from a previous employment",2020Q3,2020Q3,110,Defined contribution,1,Male,-,All ages,%,79.2,,,,,,,,,,,,
121,PMQ32C02,"Employees with occupational pension, only from a previous employment",2020Q3,2020Q3,110,Defined contribution,1,Male,365,20 - 24 years,%,83.7,,,,,,,,,,,,
122,PMQ32C02,"Employees with occupational pension, only from a previous employment",2020Q3,2020Q3,110,Defined contribution,1,Male,415,25 - 34 years,%,88.2,,,,,,,,,,,,
123,PMQ32C02,"Employees with occupational pension, only from a previous employment",2020Q3,2020Q3,110,Defined contribution,1,Male,465,35 - 44 years,%,92.5,,,,,,,,,,,,
124,PMQ32C02,"Employees with occupational pension, only from a previous employment",2020Q3,2020Q3,110,Defined contribution,1,Male,500,45 - 54 years,%,77.4,,,,,,,,,,,,
125,PMQ32C02,"Employees with occupational pension, only from a previous employment",2020Q3,2020Q3,110,Defined contribution,1,Male,540,55 - 69 years,%,63.5,,,,,,,,,,,,
126,PMQ32C02,"Employees with occupational pension, only from a previous employment",2020Q3,2020Q3,110,Defined contribution,2,Female,-,All ages,%,75.7,,,,,,,,,,,,
127,PMQ32C02,"Employees with occupational pension, only from a previous employment",2020Q3,2020Q3,110,Defined contribution,2,Female,365,20 - 24 years,%,87.85,,,,,,,,,,,,
128,PMQ32C02,"Employees with occupational pension, only from a previous employment",2020Q3,2020Q3,110,Defined contribution,2,Female,415,25 - 34 years,%,100.0,,,,,,,,,,,,
129,PMQ32C02,"Employees with occupational pension, only from a previous employment",2020Q3,2020Q3,110,Defined contribution,2,Female,465,35 - 44 years,%,76.9,,,,,,,,,,,,
130,PMQ32C02,"Employees with occupational pension, only from a previous employment",2020Q3,2020Q3,110,Defined contribution,2,Female,500,45 - 54 years,%,71.8,,,,,,,,,,,,
131,PMQ32C02,"Employees with occupational pension, only from a previous employment",2020Q3,2020Q3,110,Defined contribution,2,Female,540,55 - 69 years,%,61.4,,,,,,,,,,,,
132,PMQ32C02,"Employees with occupational pension, only from a previous employment",2020Q3,2020Q3,120,Hybrid Pension,1,Male,-,All ages,%,1.9,,,,,,,,,,,,
133,PMQ32C02,"Employees with occupational pension, only from a previous employment",2020Q3,2020Q3,120,Hybrid Pension,1,Male,365,20 - 24 years,%,0.95,,,,,,,,,,,,
134,PMQ32C02,"Employees with occupational pension, only from a previous employment",2020Q3,2020Q3,120,Hybrid Pension,1,Male,415,25 - 34 years,%,0.0,,,,,,,,,,,,
135,PMQ32C02,"Employees with occupational pension, only from a previous employment",2020Q3,2020Q3,120,Hybrid Pension,1,Male,465,35 - 44 years,%,0.0,,,,,,,,,,,,
136,PMQ32C02,"Employees with occupational pension, only from a previous employment",2020Q3,2020Q3,120,Hybrid Pension,1,Male,500,45 - 54 years,%,4.2,,,,,,,,,,,,
137,PMQ32C02,"Employees with occupational pension, only from a previous employment",2020Q3,2020Q3,120,Hybrid Pension,1,Male,540,55 - 69 years,%,2.7,,,,,,,,,,,,
138,PMQ32C02,"Employees with occupational pension, only from a previous employment",2020Q3,2020Q3,120,Hybrid Pension,2,Female,-,All ages,%,0.5,,,,,,,,,,,,
139,PMQ32C02,"Employees with occupational pension, only from a previous employment",2020Q3,2020Q3,120,Hybrid Pension,2,Female,365,20 - 24 years,%,0.25,,,,,,,,,,,,
140,PMQ32C02,"Employees with occupational pension, only from a previous employment",2020Q3,2020Q3,120,Hybrid Pension,2,Female,415,25 - 34 years,%,0.0,,,,,,,,,,,,
141,PMQ32C02,"Employees with occupational pension, only from a previous employment",2020Q3,2020Q3,120,Hybrid Pension,2,Female,465,35 - 44 years,%,0.0,,,,,,,,,,,,
142,PMQ32C02,"Employees with occupational pension, only from a previous employment",2020Q3,2020Q3,120,Hybrid Pension,2,Female,500,45 - 54 years,%,1.5,,,,,,,,,,,,
143,PMQ32C02,"Employees with occupational pension, only from a previous employment",2020Q3,2020Q3,120,Hybrid Pension,2,Female,540,55 - 69 years,%,0.0,,,,,,,,,,,,
144,PMQ32C02,"Employees with occupational pension, only from a previous employment",2021Q3,2021Q3,100,Defined benefit,1,Male,-,All ages,%,12.4,,,,,,,,,,,,
145,PMQ32C02,"Employees with occupational pension, only from a previous employment",2021Q3,2021Q3,100,Defined benefit,1,Male,365,20 - 24 years,%,13.3,,,,,,,,,,,,
146,PMQ32C02,"Employees with occupational pension, only from a previous employment",2021Q3,2021Q3,100,Defined benefit,1,Male,415,25 - 34 years,%,14.2,,,,,,,,,,,,
147,PMQ32C02,"Employees with occupational pension, only from a previous employment",2021Q3,2021Q3,100,Defined benefit,1,Male,465,35 - 44 years,%,15.1,,,,,,,,,,,,
148,PMQ32C02,"Employees with occupational pension, only from a previous employment",2021Q3,2021Q3,100,Defined benefit,1,Male,500,45 - 54 years,%,16.0,,,,,,,,,,,,
149,PMQ32C02,"Employees with occupational pension, only from a previous employment",2021Q3,2021Q3,100,Defined benefit,1,Male,540,55 - 69 years,%,31.6,,,,,,,,,,,,
150,PMQ32C02,"Employees with occupational pension, only from a previous employment",2021Q3,2021Q3,100,Defined benefit,2,Female,-,All ages,%,25.2,,,,,,,,,,,,
151,PMQ32C02,"Employees with occupational pension, only from a previous employment",2021Q3,2021Q3,100,Defined benefit,2,Female,365,20 - 24 years,%,25.3,,,,,,,,,,,,
152,PMQ32C02,"Employees with occupational pension, only from a previous employment",2021Q3,2021Q3,100,Defined benefit,2,Female,415,25 - 34 years,%,25.4,,,,,,,,,,,,
153,PMQ32C02,"Employees with occupational pension, only from a previous employment",2021Q3,2021Q3,100,Defined benefit,2,Female,465,35 - 44 years,%,25.5,,,,,,,,,,,,
154,PMQ32C02,"Employees with occupational pension, only from a previous employment",2021Q3,2021Q3,100,Defined benefit,2,Female,500,45 - 54 years,%,27.6,,,,,,,,,,,,
155,PMQ32C02,"Employees with occupational pension, only from a previous employment",2021Q3,2021Q3,100,Defined benefit,2,Female,540,55 - 69 years,%,28.9,,,,,,,,,,,,
156,PMQ32C02,"Employees with occupational pension, only from a previous employment",2021Q3,2021Q3,110,Defined contribution,1,Male,-,All ages,%,84.2,,,,,,,,,,,,
157,PMQ32C02,"Employees with occupational pension, only from a previous employment",2021Q3,2021Q3,110,Defined contribution,1,Male,365,20 - 24 years,%,83.25,,,,,,,,,,,,
158,PMQ32C02,"Employees with occupational pension, only from a previous employment",2021Q3,2021Q3,110,Defined contribution,1,Male,415,25 - 34 years,%,82.30000000000001,,,,,,,,,,,,
159,PMQ32C02,"Employees with occupational pension, only from a previous employment",2021Q3,2021Q3,110,Defined contribution,1,Male,465,35 - 44 years,%,81.35000000000001,,,,,,,,,,,,
160,PMQ32C02,"Employees with occupational pension, only from a previous employment",2021Q3,2021Q3,110,Defined contribution,1,Male,500,45 - 54 years,%,80.4,,,,,,,,,,,,
161,PMQ32C02,"Employees with occupational pension, only from a previous employment",2021Q3,2021Q3,110,Defined contribution,1,Male,540,55 - 69 years,%,61.6,,,,,,,,,,,,
162,PMQ32C02,"Employees with occupational pension, only from a previous employment",2021Q3,2021Q3,110,Defined contribution,2,Female,-,All ages,%,70.6,,,,,,,,,,,,
163,PMQ32C02,"Employees with occupational pension, only from a previous employment",2021Q3,2021Q3,110,Defined contribution,2,Female,365,20 - 24 years,%,71.33333333333333,,,,,,,,,,,,
164,PMQ32C02,"Employees with occupational pension, only from a previous employment",2021Q3,2021Q3,110,Defined contribution,2,Female,415,25 - 34 years,%,72.06666666666666,,,,,,,,,,,,
165,PMQ32C02,"Employees with occupational pension, only from a previous employment",2021Q3,2021Q3,110,Defined contribution,2,Female,465,35 - 44 years,%,72.8,,,,,,,,,,,,
166,PMQ32C02,"Employees with occupational pension, only from a previous employment",2021Q3,2021Q3,110,Defined contribution,2,Female,500,45 - 54 years,%,65.3,,,,,,,,,,,,
167,PMQ32C02,"Employees with occupational pension, only from a previous employment",2021Q3,2021Q3,110,Defined contribution,2,Female,540,55 - 69 years,%,65.9,,,,,,,,,,,,
168,PMQ32C02,"Employees with occupational pension, only from a previous employment",2021Q3,2021Q3,120,Hybrid Pension,1,Male,-,All ages,%,3.4,,,,,,,,,,,,
169,PMQ32C02,"Employees with occupational pension, only from a previous employment",2021Q3,2021Q3,120,Hybrid Pension,1,Male,365,20 - 24 years,%,3.45,,,,,,,,,,,,
170,PMQ32C02,"Employees with occupational pension, only from a previous employment",2021Q3,2021Q3,120,Hybrid Pension,1,Male,415,25 - 34 years,%,3.5,,,,,,,,,,,,
171,PMQ32C02,"Employees with occupational pension, only from a previous employment",2021Q3,2021Q3,120,Hybrid Pension,1,Male,465,35 - 44 years,%,3.55,,,,,,,,,,,,
172,PMQ32C02,"Employees with occupational pension, only from a previous employment",2021Q3,2021Q3,120,Hybrid Pension,1,Male,500,45 - 54 years,%,3.6,,,,,,,,,,,,
173,PMQ32C02,"Employees with occupational pension, only from a previous employment",2021Q3,2021Q3,120,Hybrid Pension,1,Male,540,55 - 69 years,%,6.8,,,,,,,,,,,,
174,PMQ32C02,"Employees with occupational pension, only from a previous employment",2021Q3,2021Q3,120,Hybrid Pension,2,Female,-,All ages,%,4.2,,,,,,,,,,,,
175,PMQ32C02,"Employees with occupational pension, only from a previous employment",2021Q3,2021Q3,120,Hybrid Pension,2,Female,365,20 - 24 years,%,3.3666666666666667,,,,,,,,,,,,
176,PMQ32C02,"Employees with occupational pension, only from a previous employment",2021Q3,2021Q3,120,Hybrid Pension,2,Female,415,25 - 34 years,%,2.533333333333333,,,,,,,,,,,,
177,PMQ32C02,"Employees with occupational pension, only from a previous employment",2021Q3,2021Q3,120,Hybrid Pension,2,Female,465,35 - 44 years,%,1.7,,,,,,,,,,,,
178,PMQ32C02,"Employees with occupational pension, only from a previous employment",2021Q3,2021Q3,120,Hybrid Pension,2,Female,500,45 - 54 years,%,7.2,,,,,,,,,,,,
179,PMQ32C02,"Employees with occupational pension, only from a previous employment",2021Q3,2021Q3,120,Hybrid Pension,2,Female,540,55 - 69 years,%,5.2,,,,,,,,,,,,
180,PMQ32C02,"Employees with occupational pension, only from a previous employment",2022Q3,2022Q3,100,Defined benefit,1,Male,-,All ages,%,18.0,,,,,,,,,,,,
181,PMQ32C02,"Employees with occupational pension, only from a previous employment",2022Q3,2022Q3,100,Defined benefit,1,Male,365,20 - 24 years,%,19.25,,,,,,,,,,,,
182,PMQ32C02,"Employees with occupational pension, only from a previous employment",2022Q3,2022Q3,100,Defined benefit,1,Male,415,25 - 34 years,%,20.5,,,,,,,,,,,,
183,PMQ32C02,"Employees with occupational pension, only from a previous employment",2022Q3,2022Q3,100,Defined benefit,1,Male,465,35 - 44 years,%,21.75,,,,,,,,,,,,
184,PMQ32C02,"Employees with occupational pension, only from a previous employment",2022Q3,2022Q3,100,Defined benefit,1,Male,500,45 - 54 years,%,23.0,,,,,,,,,,,,
185,PMQ32C02,"Employees with occupational pension, only from a previous employment",2022Q3,2022Q3,100,Defined benefit,1,Male,540,55 - 69 years,%,42.0,,,,,,,,,,,,
186,PMQ32C02,"Employees with occupational pension, only from a previous employment",2022Q3,2022Q3,100,Defined benefit,2,Female,-,All ages,%,19.0,,,,,,,,,,,,
187,PMQ32C02,"Employees with occupational pension, only from a previous employment",2022Q3,2022Q3,100,Defined benefit,2,Female,365,20 - 24 years,%,17.666666666666668,,,,,,,,,,,,
188,PMQ32C02,"Employees with occupational pension, only from a previous employment",2022Q3,2022Q3,100,Defined benefit,2,Female,415,25 - 34 years,%,16.333333333333332,,,,,,,,,,,,
189,PMQ32C02,"Employees with occupational pension, only from a previous employment",2022Q3,2022Q3,100,Defined benefit,2,Female,465,35 - 44 years,%,15.0,,,,,,,,,,,,
190,PMQ32C02,"Employees with occupational pension, only from a previous employment",2022Q3,2022Q3,100,Defined benefit,2,Female,500,45 - 54 years,%,28.0,,,,,,,,,,,,
191,PMQ32C02,"Employees with occupational pension, only from a previous employment",2022Q3,2022Q3,100,Defined benefit,2,Female,540,55 - 69 years,%,34.0,,,,,,,,,,,,
192,PMQ32C02,"Employees with occupational pension, only from a previous employment",2022Q3,2022Q3,110,Defined contribution,1,Male,-,All ages,%,80.0,,,,,,,,,,,,
193,PMQ32C02,"Employees with occupational pension, only from a previous employment",2022Q3,2022Q3,110,Defined contribution,1,Male,365,20 - 24 years,%,78.5,,,,,,,,,,,,
194,PMQ32C02,"Employees with occupational pension, only from a previous employment",2022Q3,2022Q3,110,Defined contribution,1,Male,415,25 - 34 years,%,77.0,,,,,,,,,,,,
195,PMQ32C02,"Employees with occupational pension, only from a previous employment",2022Q3,2022Q3,110,Defined contribution,1,Male,465,35 - 44 years,%,75.5,,,,,,,,,,,,
196,PMQ32C02,"Employees with occupational pension, only from a previous employment",2022Q3,2022Q3,110,Defined contribution,1,Male,500,45 - 54 years,%,74.0,,,,,,,,,,,,
197,PMQ32C02,"Employees with occupational pension, only from a previous employment",2022Q3,2022Q3,110,Defined contribution,1,Male,540,55 - 69 years,%,58.0,,,,,,,,,,,,
198,PMQ32C02,"Employees with occupational pension, only from a previous employment",2022Q3,2022Q3,110,Defined contribution,2,Female,-,All ages,%,78.0,,,,,,,,,,,,
199,PMQ32C02,"Employees with occupational pension, only from a previous employment",2022Q3,2022Q3,110,Defined contribution,2,Female,365,20 - 24 years,%,78.33333333333333,,,,,,,,,,,,
200,PMQ32C02,"Employees with occupational pension, only from a previous employment",2022Q3,2022Q3,110,Defined contribution,2,Female,415,25 - 34 years,%,78.66666666666667,,,,,,,,,,,,
201,PMQ32C02,"Employees with occupational pension, only from a previous employment",2022Q3,2022Q3,110,Defined contribution,2,Female,465,35 - 44 years,%,79.0,,,,,,,,,,,,
202,PMQ32C02,"Employees with occupational pension, only from a previous employment",2022Q3,2022Q3,110,Defined contribution,2,Female,500,45 - 54 years,%,68.0,,,,,,,,,,,,
203,PMQ32C02,"Employees with occupational pension, only from a previous employment",2022Q3,2022Q3,110,Defined contribution,2,Female,540,55 - 69 years,%,62.0,,,,,,,,,,,,
204,PMQ32C02,"Employees with occupational pension, only from a previous employment",2022Q3,2022Q3,120,Hybrid Pension,1,Male,-,All ages,%,2.0,,,,,,,,,,,,
205,PMQ32C02,"Employees with occupational pension, only from a previous employment",2022Q3,2022Q3,120,Hybrid Pension,1,Male,365,20 - 24 years,%,2.25,,,,,,,,,,,,
206,PMQ32C02,"Employees with occupational pension, only from a previous employment",2022Q3,2022Q3,120,Hybrid Pension,1,Male,415,25 - 34 years,%,2.5,,,,,,,,,,,,
207,PMQ32C02,"Employees with occupational pension, only from a previous employment",2022Q3,2022Q3,120,Hybrid Pension,1,Male,465,35 - 44 years,%,2.75,,,,,,,,,,,,
208,PMQ32C02,"Employees with occupational pension, only from a previous employment",2022Q3,2022Q3,120,Hybrid Pension,1,Male,500,45 - 54 years,%,3.0,,,,,,,,,,,,
209,PMQ32C02,"Employees with occupational pension, only from a previous employment",2022Q3,2022Q3,120,Hybrid Pension,1,Male,540,55 - 69 years,%,0.0,,,,,,,,,,,,
210,PMQ32C02,"Employees with occupational pension, only from a previous employment",2022Q3,2022Q3,120,Hybrid Pension,2,Female,-,All ages,%,3.0,,,,,,,,,,,,
211,PMQ32C02,"Employees with occupational pension, only from a previous employment",2022Q3,2022Q3,120,Hybrid Pension,2,Female,365,20 - 24 years,%,4.0,,,,,,,,,,,,
212,PMQ32C02,"Employees with occupational pension, only from a previous employment",2022Q3,2022Q3,120,Hybrid Pension,2,Female,415,25 - 34 years,%,5.0,,,,,,,,,,,,
213,PMQ32C02,"Employees with occupational pension, only from a previous employment",2022Q3,2022Q3,120,Hybrid Pension,2,Female,465,35 - 44 years,%,6.0,,,,,,,,,,,,
214,PMQ32C02,"Employees with occupational pension, only from a previous employment",2022Q3,2022Q3,120,Hybrid Pension,2,Female,500,45 - 54 years,%,4.0,,,,,,,,,,,,
215,PMQ32C02,"Employees with occupational pension, only from a previous employment",2022Q3,2022Q3,120,Hybrid Pension,2,Female,540,55 - 69 years,%,4.0,,,,,,,,,,,,
216,PMQ32C03,Self-employed persons with occupational pension from a previous employment,2020Q3,2020Q3,100,Defined benefit,1,Male,-,All ages,%,27.0,,,,,,,,,,,,
217,PMQ32C03,Self-employed persons with occupational pension from a previous employment,2020Q3,2020Q3,100,Defined benefit,1,Male,365,20 - 24 years,%,13.5,,,,,,,,,,,,
218,PMQ32C03,Self-employed persons with occupational pension from a previous employment,2020Q3,2020Q3,100,Defined benefit,1,Male,415,25 - 34 years,%,0.0,,,,,,,,,,,,
219,PMQ32C03,Self-employed persons with occupational pension from a previous employment,2020Q3,2020Q3,100,Defined benefit,1,Male,465,35 - 44 years,%,16.6,,,,,,,,,,,,
220,PMQ32C03,Self-employed persons with occupational pension from a previous employment,2020Q3,2020Q3,100,Defined benefit,1,Male,500,45 - 54 years,%,23.2,,,,,,,,,,,,
221,PMQ32C03,Self-employed persons with occupational pension from a previous employment,2020Q3,2020Q3,100,Defined benefit,1,Male,540,55 - 69 years,%,50.7,,,,,,,,,,,,
222,PMQ32C03,Self-employed persons with occupational pension from a previous employment,2020Q3,2020Q3,100,Defined benefit,2,Female,-,All ages,%,23.6,,,,,,,,,,,,
223,PMQ32C03,Self-employed persons with occupational pension from a previous employment,2020Q3,2020Q3,100,Defined benefit,2,Female,365,20 - 24 years,%,28.7,,,,,,,,,,,,
224,PMQ32C03,Self-employed persons with occupational pension from a previous employment,2020Q3,2020Q3,100,Defined benefit,2,Female,415,25 - 34 years,%,33.8,,,,,,,,,,,,
225,PMQ32C03,Self-employed persons with occupational pension from a previous employment,2020Q3,2020Q3,100,Defined benefit,2,Female,465,35 - 44 years,%,8.9,,,,,,,,,,,,
226,PMQ32C03,Self-employed persons with occupational pension from a previous employment,2020Q3,2020Q3,100,Defined benefit,2,Female,500,45 - 54 years,%,7.3,,,,,,,,,,,,
227,PMQ32C03,Self-employed persons with occupational pension from a previous employment,2020Q3,2020Q3,100,Defined benefit,2,Female,540,55 - 69 years,%,55.0,,,,,,,,,,,,
228,PMQ32C03,Self-employed persons with occupational pension from a previous employment,2020Q3,2020Q3,110,Defined contribution,1,Male,-,All ages,%,72.0,,,,,,,,,,,,
229,PMQ32C03,Self-employed persons with occupational pension from a previous employment,2020Q3,2020Q3,110,Defined contribution,1,Male,365,20 - 24 years,%,86.0,,,,,,,,,,,,
230,PMQ32C03,Self-employed persons with occupational pension from a previous employment,2020Q3,2020Q3,110,Defined contribution,1,Male,415,25 - 34 years,%,100.0,,,,,,,,,,,,
231,PMQ32C03,Self-employed persons with occupational pension from a previous employment,2020Q3,2020Q3,110,Defined contribution,1,Male,465,35 - 44 years,%,83.4,,,,,,,,,,,,
232,PMQ32C03,Self-employed persons with occupational pension from a previous employment,2020Q3,2020Q3,110,Defined contribution,1,Male,500,45 - 54 years,%,74.8,,,,,,,,,,,,
233,PMQ32C03,Self-employed persons with occupational pension from a previous employment,2020Q3,2020Q3,110,Defined contribution,1,Male,540,55 - 69 years,%,48.2,,,,,,,,,,,,
234,PMQ32C03,Self-employed persons with occupational pension from a previous employment,2020Q3,2020Q3,110,Defined contribution,2,Female,-,All ages,%,69.4,,,,,,,,,,,,
235,PMQ32C03,Self-employed persons with occupational pension from a previous employment,2020Q3,2020Q3,110,Defined contribution,2,Female,365,20 - 24 years,%,67.80000000000001,,,,,,,,,,,,
236,PMQ32C03,Self-employed persons with occupational pension from a previous employment,2020Q3,2020Q3,110,Defined contribution,2,Female,415,25 - 34 years,%,66.2,,,,,,,,,,,,
237,PMQ32C03,Self-employed persons with occupational pension from a previous employment,2020Q3,2020Q3,110,Defined contribution,2,Female,465,35 - 44 years,%,85.7,,,,,,,,,,,,
238,PMQ32C03,Self-employed persons with occupational pension from a previous employment,2020Q3,2020Q3,110,Defined contribution,2,Female,500,45 - 54 years,%,80.7,,,,,,,,,,,,
239,PMQ32C03,Self-employed persons with occupational pension from a previous employment,2020Q3,2020Q3,110,Defined contribution,2,Female,540,55 - 69 years,%,40.8,,,,,,,,,,,,
240,PMQ32C03,Self-employed persons with occupational pension from a previous employment,2020Q3,2020Q3,120,Hybrid Pension,1,Male,-,All ages,%,0.9,,,,,,,,,,,,
241,PMQ32C03,Self-employed persons with occupational pension from a previous employment,2020Q3,2020Q3,120,Hybrid Pension,1,Male,365,20 - 24 years,%,0.45,,,,,,,,,,,,
242,PMQ32C03,Self-employed persons with occupational pension from a previous employment,2020Q3,2020Q3,120,Hybrid Pension,1,Male,415,25 - 34 years,%,0.0,,,,,,,,,,,,
243,PMQ32C03,Self-employed persons with occupational pension from a previous employment,2020Q3,2020Q3,120,Hybrid Pension,1,Male,465,35 - 44 years,%,0.0,,,,,,,,,,,,
244,PMQ32C03,Self-employed persons with occupational pension from a previous employment,2020Q3,2020Q3,120,Hybrid Pension,1,Male,500,45 - 54 years,%,2.0,,,,,,,,,,,,
245,PMQ32C03,Self-employed persons with occupational pension from a previous employment,2020Q3,2020Q3,120,Hybrid Pension,1,Male,540,55 - 69 years,%,1.2,,,,,,,,,,,,
246,PMQ32C03,Self-employed persons with occupational pension from a previous employment,2020Q3,2020Q3,120,Hybrid Pension,2,Female,-,All ages,%,7.0,,,,,,,,,,,,
247,PMQ32C03,Self-employed persons with occupational pension from a previous employment,2020Q3,2020Q3,120,Hybrid Pension,2,Female,365,20 - 24 years,%,3.5,,,,,,,,,,,,
248,PMQ32C03,Self-employed persons with occupational pension from a previous employment,2020Q3,2020Q3,120,Hybrid Pension,2,Female,415,25 - 34 years,%,0.0,,,,,,,,,,,,
249,PMQ32C03,Self-employed persons with occupational pension from a previous employment,2020Q3,2020Q3,120,Hybrid Pension,2,Female,465,35 - 44 years,%,5.4,,,,,,,,,,,,
250,PMQ32C03,Self-employed persons with occupational pension from a previous employment,2020Q3,2020Q3,120,Hybrid Pension,2,Female,500,45 - 54 years,%,12.0,,,,,,,,,,,,
251,PMQ32C03,Self-employed persons with occupational pension from a previous employment,2020Q3,2020Q3,120,Hybrid Pension,2,Female,540,55 - 69 years,%,4.1,,,,,,,,,,,,
252,PMQ32C03,Self-employed persons with occupational pension from a previous employment,2021Q3,2021Q3,100,Defined benefit,1,Male,-,All ages,%,4.1,,,,,,,,,,,,
253,PMQ32C03,Self-employed persons with occupational pension from a previous employment,2021Q3,2021Q3,100,Defined benefit,1,Male,365,20 - 24 years,%,4.1,,,,,,,,,,,,
254,PMQ32C03,Self-employed persons with occupational pension from a previous employment,2021Q3,2021Q3,100,Defined benefit,1,Male,415,25 - 34 years,%,4.1,,,,,,,,,,,,
255,PMQ32C03,Self-employed persons with occupational pension from a previous employment,2021Q3,2021Q3,100,Defined benefit,1,Male,465,35 - 44 years,%,4.1,,,,,,,,,,,,
256,PMQ32C03,Self-employed persons with occupational pension from a previous employment,2021Q3,2021Q3,100,Defined benefit,1,Male,500,45 - 54 years,%,4.1,,,,,,,,,,,,
257,PMQ32C03,Self-employed persons with occupational pension from a previous employment,2021Q3,2021Q3,100,Defined benefit,1,Male,540,55 - 69 years,%,4.1,,,,,,,,,,,,
258,PMQ32C03,Self-employed persons with occupational pension from a previous employment,2021Q3,2021Q3,100,Defined benefit,2,Female,-,All ages,%,4.1,,,,,,,,,,,,
259,PMQ32C03,Self-employed persons with occupational pension from a previous employment,2021Q3,2021Q3,100,Defined benefit,2,Female,365,20 - 24 years,%,4.1,,,,,,,,,,,,
260,PMQ32C03,Self-employed persons with occupational pension from a previous employment,2021Q3,2021Q3,100,Defined benefit,2,Female,415,25 - 34 years,%,4.1,,,,,,,,,,,,
261,PMQ32C03,Self-employed persons with occupational pension from a previous employment,2021Q3,2021Q3,100,Defined benefit,2,Female,465,35 - 44 years,%,4.1,,,,,,,,,,,,
262,PMQ32C03,Self-employed persons with occupational pension from a previous employment,2021Q3,2021Q3,100,Defined benefit,2,Female,500,45 - 54 years,%,4.1,,,,,,,,,,,,
263,PMQ32C03,Self-employed persons with occupational pension from a previous employment,2021Q3,2021Q3,100,Defined benefit,2,Female,540,55 - 69 years,%,4.1,,,,,,,,,,,,
264,PMQ32C03,Self-employed persons with occupational pension from a previous employment,2021Q3,2021Q3,110,Defined contribution,1,Male,-,All ages,%,4.1,,,,,,,,,,,,
265,PMQ32C03,Self-employed persons with occupational pension from a previous employment,2021Q3,2021Q3,110,Defined contribution,1,Male,365,20 - 24 years,%,4.1,,,,,,,,,,,,
266,PMQ32C03,Self-employed persons with occupational pension from a previous employment,2021Q3,2021Q3,110,Defined contribution,1,Male,415,25 - 34 years,%,4.1,,,,,,,,,,,,
267,PMQ32C03,Self-employed persons with occupational pension from a previous employment,2021Q3,2021Q3,110,Defined contribution,1,Male,465,35 - 44 years,%,4.1,,,,,,,,,,,,
268,PMQ32C03,Self-employed persons with occupational pension from a previous employment,2021Q3,2021Q3,110,Defined contribution,1,Male,500,45 - 54 years,%,4.1,,,,,,,,,,,,
269,PMQ32C03,Self-employed persons with occupational pension from a previous employment,2021Q3,2021Q3,110,Defined contribution,1,Male,540,55 - 69 years,%,4.1,,,,,,,,,,,,
270,PMQ32C03,Self-employed persons with occupational pension from a previous employment,2021Q3,2021Q3,110,Defined contribution,2,Female,-,All ages,%,4.1,,,,,,,,,,,,
271,PMQ32C03,Self-employed persons with occupational pension from a previous employment,2021Q3,2021Q3,110,Defined contribution,2,Female,365,20 - 24 years,%,4.1,,,,,,,,,,,,
272,PMQ32C03,Self-employed persons with occupational pension from a previous employment,2021Q3,2021Q3,110,Defined contribution,2,Female,415,25 - 34 years,%,4.1,,,,,,,,,,,,
273,PMQ32C03,Self-employed persons with occupational pension from a previous employment,2021Q3,2021Q3,110,Defined contribution,2,Female,465,35 - 44 years,%,4.1,,,,,,,,,,,,
274,PMQ32C03,Self-employed persons with occupational pension from a previous employment,2021Q3,2021Q3,110,Defined contribution,2,Female,500,45 - 54 years,%,4.1,,,,,,,,,,,,
275,PMQ32C03,Self-employed persons with occupational pension from a previous employment,2021Q3,2021Q3,110,Defined contribution,2,Female,540,55 - 69 years,%,4.1,,,,,,,,,,,,
276,PMQ32C03,Self-employed persons with occupational pension from a previous employment,2021Q3,2021Q3,120,Hybrid Pension,1,Male,-,All ages,%,4.1,,,,,,,,,,,,
277,PMQ32C03,Self-employed persons with occupational pension from a previous employment,2021Q3,2021Q3,120,Hybrid Pension,1,Male,365,20 - 24 years,%,4.1,,,,,,,,,,,,
278,PMQ32C03,Self-employed persons with occupational pension from a previous employment,2021Q3,2021Q3,120,Hybrid Pension,1,Male,415,25 - 34 years,%,4.1,,,,,,,,,,,,
279,PMQ32C03,Self-employed persons with occupational pension from a previous employment,2021Q3,2021Q3,120,Hybrid Pension,1,Male,465,35 - 44 years,%,4.1,,,,,,,,,,,,
280,PMQ32C03,Self-employed persons with occupational pension from a previous employment,2021Q3,2021Q3,120,Hybrid Pension,1,Male,500,45 - 54 years,%,4.1,,,,,,,,,,,,
281,PMQ32C03,Self-employed persons with occupational pension from a previous employment,2021Q3,2021Q3,120,Hybrid Pension,1,Male,540,55 - 69 years,%,4.1,,,,,,,,,,,,
282,PMQ32C03,Self-employed persons with occupational pension from a previous employment,2021Q3,2021Q3,120,Hybrid Pension,2,Female,-,All ages,%,4.1,,,,,,,,,,,,
283,PMQ32C03,Self-employed persons with occupational pension from a previous employment,2021Q3,2021Q3,120,Hybrid Pension,2,Female,365,20 - 24 years,%,4.1,,,,,,,,,,,,
284,PMQ32C03,Self-employed persons with occupational pension from a previous employment,2021Q3,2021Q3,120,Hybrid Pension,2,Female,415,25 - 34 years,%,4.1,,,,,,,,,,,,
285,PMQ32C03,Self-employed persons with occupational pension from a previous employment,2021Q3,2021Q3,120,Hybrid Pension,2,Female,465,35 - 44 years,%,4.1,,,,,,,,,,,,
286,PMQ32C03,Self-employed persons with occupational pension from a previous employment,2021Q3,2021Q3,120,Hybrid Pension,2,Female,500,45 - 54 years,%,4.1,,,,,,,,,,,,
287,PMQ32C03,Self-employed persons with occupational pension from a previous employment,2021Q3,2021Q3,120,Hybrid Pension,2,Female,540,55 - 69 years,%,4.1,,,,,,,,,,,,
288,PMQ32C03,Self-employed persons with occupational pension from a previous employment,2022Q3,2022Q3,100,Defined benefit,1,Male,-,All ages,%,4.1,,,,,,,,,,,,
289,PMQ32C03,Self-employed persons with occupational pension from a previous employment,2022Q3,2022Q3,100,Defined benefit,1,Male,365,20 - 24 years,%,4.1,,,,,,,,,,,,
290,PMQ32C03,Self-employed persons with occupational pension from a previous employment,2022Q3,2022Q3,100,Defined benefit,1,Male,415,25 - 34 years,%,4.1,,,,,,,,,,,,
291,PMQ32C03,Self-employed persons with occupational pension from a previous employment,2022Q3,2022Q3,100,Defined benefit,1,Male,465,35 - 44 years,%,4.1,,,,,,,,,,,,
292,PMQ32C03,Self-employed persons with occupational pension from a previous employment,2022Q3,2022Q3,100,Defined benefit,1,Male,500,45 - 54 years,%,4.1,,,,,,,,,,,,
293,PMQ32C03,Self-employed persons with occupational pension from a previous employment,2022Q3,2022Q3,100,Defined benefit,1,Male,540,55 - 69 years,%,4.1,,,,,,,,,,,,
294,PMQ32C03,Self-employed persons with occupational pension from a previous employment,2022Q3,2022Q3,100,Defined benefit,2,Female,-,All ages,%,4.1,,,,,,,,,,,,
295,PMQ32C03,Self-employed persons with occupational pension from a previous employment,2022Q3,2022Q3,100,Defined benefit,2,Female,365,20 - 24 years,%,4.1,,,,,,,,,,,,
296,PMQ32C03,Self-employed persons with occupational pension from a previous employment,2022Q3,2022Q3,100,Defined benefit,2,Female,415,25 - 34 years,%,4.1,,,,,,,,,,,,
297,PMQ32C03,Self-employed persons with occupational pension from a previous employment,2022Q3,2022Q3,100,Defined benefit,2,Female,465,35 - 44 years,%,4.1,,,,,,,,,,,,
298,PMQ32C03,Self-employed persons with occupational pension from a previous employment,2022Q3,2022Q3,100,Defined benefit,2,Female,500,45 - 54 years,%,4.1,,,,,,,,,,,,
299,PMQ32C03,Self-employed persons with occupational pension from a previous employment,2022Q3,2022Q3,100,Defined benefit,2,Female,540,55 - 69 years,%,4.1,,,,,,,,,,,,
300,PMQ32C03,Self-employed persons with occupational pension from a previous employment,2022Q3,2022Q3,110,Defined contribution,1,Male,-,All ages,%,4.1,,,,,,,,,,,,
301,PMQ32C03,Self-employed persons with occupational pension from a previous employment,2022Q3,2022Q3,110,Defined contribution,1,Male,365,20 - 24 years,%,4.1,,,,,,,,,,,,
302,PMQ32C03,Self-employed persons with occupational pension from a previous employment,2022Q3,2022Q3,110,Defined contribution,1,Male,415,25 - 34 years,%,4.1,,,,,,,,,,,,
303,PMQ32C03,Self-employed persons with occupational pension from a previous employment,2022Q3,2022Q3,110,Defined contribution,1,Male,465,35 - 44 years,%,4.1,,,,,,,,,,,,
304,PMQ32C03,Self-employed persons with occupational pension from a previous employment,2022Q3,2022Q3,110,Defined contribution,1,Male,500,45 - 54 years,%,4.1,,,,,,,,,,,,
305,PMQ32C03,Self-employed persons with occupational pension from a previous employment,2022Q3,2022Q3,110,Defined contribution,1,Male,540,55 - 69 years,%,4.1,,,,,,,,,,,,
306,PMQ32C03,Self-employed persons with occupational pension from a previous employment,2022Q3,2022Q3,110,Defined contribution,2,Female,-,All ages,%,4.1,,,,,,,,,,,,
307,PMQ32C03,Self-employed persons with occupational pension from a previous employment,2022Q3,2022Q3,110,Defined contribution,2,Female,365,20 - 24 years,%,4.1,,,,,,,,,,,,
308,PMQ32C03,Self-employed persons with occupational pension from a previous employment,2022Q3,2022Q3,110,Defined contribution,2,Female,415,25 - 34 years,%,4.1,,,,,,,,,,,,
309,PMQ32C03,Self-employed persons with occupational pension from a previous employment,2022Q3,2022Q3,110,Defined contribution,2,Female,465,35 - 44 years,%,4.1,,,,,,,,,,,,
310,PMQ32C03,Self-employed persons with occupational pension from a previous employment,2022Q3,2022Q3,110,Defined contribution,2,Female,500,45 - 54 years,%,4.1,,,,,,,,,,,,
311,PMQ32C03,Self-employed persons with occupational pension from a previous employment,2022Q3,2022Q3,110,Defined contribution,2,Female,540,55 - 69 years,%,4.1,,,,,,,,,,,,
312,PMQ32C03,Self-employed persons with occupational pension from a previous employment,2022Q3,2022Q3,120,Hybrid Pension,1,Male,-,All ages,%,4.1,,,,,,,,,,,,
313,PMQ32C03,Self-employed persons with occupational pension from a previous employment,2022Q3,2022Q3,120,Hybrid Pension,1,Male,365,20 - 24 years,%,4.1,,,,,,,,,,,,
314,PMQ32C03,Self-employed persons with occupational pension from a previous employment,2022Q3,2022Q3,120,Hybrid Pension,1,Male,415,25 - 34 years,%,4.1,,,,,,,,,,,,
315,PMQ32C03,Self-employed persons with occupational pension from a previous employment,2022Q3,2022Q3,120,Hybrid Pension,1,Male,465,35 - 44 years,%,4.1,,,,,,,,,,,,
316,PMQ32C03,Self-employed persons with occupational pension from a previous employment,2022Q3,2022Q3,120,Hybrid Pension,1,Male,500,45 - 54 years,%,4.1,,,,,,,,,,,,
317,PMQ32C03,Self-employed persons with occupational pension from a previous employment,2022Q3,2022Q3,120,Hybrid Pension,1,Male,540,55 - 69 years,%,4.1,,,,,,,,,,,,
318,PMQ32C03,Self-employed persons with occupational pension from a previous employment,2022Q3,2022Q3,120,Hybrid Pension,2,Female,-,All ages,%,4.1,,,,,,,,,,,,
319,PMQ32C03,Self-employed persons with occupational pension from a previous employment,2022Q3,2022Q3,120,Hybrid Pension,2,Female,365,20 - 24 years,%,4.1,,,,,,,,,,,,
320,PMQ32C03,Self-employed persons with occupational pension from a previous employment,2022Q3,2022Q3,120,Hybrid Pension,2,Female,415,25 - 34 years,%,4.1,,,,,,,,,,,,
321,PMQ32C03,Self-employed persons with occupational pension from a previous employment,2022Q3,2022Q3,120,Hybrid Pension,2,Female,465,35 - 44 years,%,4.1,,,,,,,,,,,,
322,PMQ32C03,Self-employed persons with occupational pension from a previous employment,2022Q3,2022Q3,120,Hybrid Pension,2,Female,500,45 - 54 years,%,4.1,,,,,,,,,,,,
323,PMQ32C03,Self-employed persons with occupational pension from a previous employment,2022Q3,2022Q3,120,Hybrid Pension,2,Female,540,55 - 69 years,%,4.1,,,,,,,,,,,,
